Country,Region,region_type,Code,Education,Jobs,Income,Safety,Health,Environment,Civic_engagement,Accessiblity_to_services,Housing,Community,Life_satisfaction,Labour,Employment,Unemployment,income_capita,Homicide,Mortality,Life_expectancy,PM25),Voter,Broadband,Rooms,Support,Satisfaction
Australia,New South Wales,country_part,AU1,8.0,8.1,6.8,8.8,9,9.8,10,7.2,7.2,8.9,7.8,82.1,73.1,5.7,27742,1.2,6.6,82.2,2.3,94,75,2.2,94.1,7.2
Australia,Victoria,country_part,AU2,8.1,7.9,5.9,9.5,9.5,8.6,10,7.5,7.8,9.3,8.5,82.4,73.7,6.6,24513,0.8,6.4,82.7,4.4,94,77,2.3,95.2,7.4
Australia,Queensland,country_part,AU3,7.8,8.1,6.3,9.5,8.3,9.9,10,7.7,8.3,8.6,8.1,80.8,74.9,6.4,26102,0.8,7,81.9,2,94.2,78,2.4,93.4,7.3
Australia,South Australia,country_part,AU4,7.3,7.8,6.1,9,8.5,9.4,10,7.2,8.3,8.6,8.5,77.5,72.9,6.7,25435,1.1,7,82.2,3,92.8,75,2.4,93.4,7.4
Australia,Western Australia,country_part,AU5,7.6,8.8,7.9,8.6,9.3,9.6,10,7.8,8.9,8.5,7.8,79.6,77.8,5.2,31803,1.3,6.5,82.6,2.6,94.3,79,2.5,93.0,7.2
Australia,Tasmania,country_part,AU6,6.5,7.6,5.4,8.8,5.4,10,10,6.8,8.3,8.6,9.6,72.4,72.2,7.2,22907,1.2,9.1,80.7,1.7,95.1,72,2.4,93.4,7.7
Australia,Northern Territory,country_part,AU7,8.1,8.7,8.2,0,2.4,9.2,8.4,7.8,5.6,10.0,7.0,82.5,74.9,4,32966,7,9.9,77.1,3.3,82.4,79,1.9,99.4,7.0
Australia,Australian Capital Territory,country_part,AU8,9.5,9.3,10,10,9.3,9.1,10,8.7,8.3,9.8,9.6,91.0,79.6,4.2,50393,0,6.9,83.4,3.5,94.9,85,2.4,96.3,7.7
Austria,Burgenland,country_part,AT11,8.8,7.8,5.7,9.7,6.7,3.5,8.6,8,6.1,8.3,7.8,86.5,69.9,4.8,23661,0.7,8,80.9,14,83,80,2.0,92.5,7.2
Austria,Lower Austria,country_part,AT12,8.5,8.2,5.9,9.8,6.6,2.6,8.1,7.4,5.6,7.8,8.1,85.2,73.4,5.1,24653,0.6,8,80.8,15.7,81,76,1.9,91.3,7.3
Austria,Vienna,country_part,AT13,8.8,5.8,5.5,9,5.7,2.5,5.5,8.4,4.4,7.6,7.8,86.5,64.9,10.1,23243,1.1,8.4,80,15.9,70,83,1.7,90.8,7.2
Austria,Carinthia,country_part,AT21,9.1,7.5,5.4,10,7.6,0.3,6.2,7,5.6,8.5,8.1,88.4,70,6,22843,0.5,7.5,81.5,19.9,73,73,1.9,93.0,7.3
Austria,Styria,country_part,AT22,8.8,8,5.5,10,7.7,4.3,6.7,7.7,5.6,8.7,8.5,86.8,71.4,4.9,23265,0.2,7.4,81.5,12.6,75,78,1.9,93.6,7.4
Austria,Upper Austria,country_part,AT31,8.1,8.8,5.7,10,7.2,3.7,7.4,7.8,5.6,8.9,8.5,82.6,75.7,4,23955,0.4,7.7,81.2,13.7,78,79,1.9,94.0,7.4
Austria,Salzburg,country_part,AT32,8.7,8.7,5.8,9.8,8.1,3.5,6.7,8.6,5.0,8.6,8.1,86.4,74.3,3.5,24225,0.6,7.3,82,14.1,75,84,1.8,93.4,7.3
Austria,Tyrol,country_part,AT33,8.2,8.9,5.5,9.1,8.5,5.8,4.8,7.8,4.4,9.7,8.9,83.1,74.8,3.2,23212,1,7,82.2,9.8,67,79,1.7,96.0,7.5
Austria,Vorarlberg,country_part,AT34,8.1,8.9,5.9,10,8.3,3.2,4.5,8.1,5.6,8.2,7.4,82.2,75.3,3.3,24616,0.3,7.1,82,14.5,66,81,1.9,92.2,7.1
Belgium,Brussels-Capital Region,country_part,BE1,6.8,2.2,4.2,6,6.3,2.4,10,7.7,6.7,7.4,6.3,74.6,53.4,18.3,18468,2.8,8.2,80.6,16,90.3,78,2.1,90.2,6.8
Belgium,Flemish Region (Vlaams Gewest),country_part,BE2,8.1,7.3,5,8.3,7.7,2,10,8.7,7.8,9.1,7.8,82.6,66.7,5.1,21148,1.5,7.4,81.6,16.8,90.8,85,2.3,94.5,7.2
Belgium,Wallonia (Région wallonne),country_part,BE3,7.4,4.3,4.2,7.4,4.5,3,9.7,7.5,7.8,7.4,6.3,78.3,56.8,11.8,18261,2,9,79.1,14.9,87.6,77,2.3,90.2,6.8
Canada,Newfoundland and Labrador,country_part,CA10,8.8,4.7,5.5,9.8,5.1,9.3,3.5,8,10.0,8.0,10.0,86.8,60.3,11.9,23243,0.6,8.7,79.5,3.2,61.5,80.4,2.8,91.7,8.1
Canada,Prince Edward Island,country_part,CA11,8.5,6.3,4.5,10,6.3,9.5,7.3,8.1,9.4,4.3,10.0,84.9,68.9,10.6,19460,0,8.1,80.5,2.9,77.4,80.7,2.6,82.5,8.0
Canada,Nova Scotia,country_part,CA12,9.0,5.9,4.7,7.8,6.1,9.6,5.8,8.2,10.0,8.1,8.5,87.9,63.8,9,20317,1.8,8.2,80.3,2.6,71.1,81.4,2.7,92.0,7.4
Canada,New Brunswick,country_part,CA13,8.7,5.7,4.7,9.5,6.8,9.2,6.6,7.7,10.0,8.6,8.1,85.9,63.5,9.9,20190,0.8,7.8,80.8,3.4,74.6,78.1,2.7,93.4,7.3
Canada,Quebec,country_part,CA24,9.0,6.6,4.6,8.6,8.4,7.9,4.6,7.9,8.3,8.8,8.5,87.7,66.5,7.7,19706,1.3,6.7,81.5,5.8,66.4,79.6,2.4,93.9,7.4
Canada,Ontario,country_part,CA35,9.4,6.8,5.3,8.8,8.4,6.5,5.1,8.6,8.3,8.1,8.1,90.5,67.3,7.3,22376,1.2,6.9,81.8,8.5,68.3,84.2,2.4,92.0,7.3
Canada,Manitoba,country_part,CA46,8.7,7.5,4.8,3.6,5.9,6.9,5.2,8.2,7.8,9.5,9.3,86.0,68.7,5.4,20535,4.2,8.2,80,7.6,68.8,81.3,2.3,95.7,7.6
Canada,Saskatchewan,country_part,CA47,8.9,8.3,5.8,6.2,5.5,6.5,6,8.1,9.4,7.1,8.5,87.4,71.6,3.8,24326,2.7,8.4,79.7,8.5,72.1,80.8,2.6,89.5,7.4
Canada,Alberta,country_part,CA48,9.1,8.6,7.3,7.1,7.8,7.4,5.3,9.1,8.9,7.9,8.5,88.5,75.4,4.7,29664,2.2,7.2,81.3,6.8,69.1,88.1,2.5,91.6,7.4
Canada,British Columbia,country_part,CA59,9.6,6.9,5.6,8.1,9.1,8.1,5.6,9.4,8.3,9.8,9.3,91.7,65.7,6.1,23293,1.6,6.5,82.3,5.4,70.4,89.6,2.4,96.3,7.6
Canada,Yukon,country_part,CA60,..,8.4,7.4,10,2.9,9.4,6.9,8.2,8.3,..,..,..,73,4.3,30199,0,9.6,77.4,3,76,81.7,2.4,..,..
Canada,Northwest Territories,country_part,CA61,..,7,7.4,0,4.2,9.7,4.2,8,5.0,..,..,..,69.4,7.9,30203,11.5,8.8,78.2,2.5,64.4,80.2,1.8,..,..
Canada,Nunavut,country_part,CA62,..,3.1,5.5,0,0,10,3.6,5.8,2.2,..,..,..,52.1,14,23181,14.4,14.5,71.3,0.4,62,65.1,1.3,..,..
Chile,Tarapacá,country_part,CL01,8.4,7.4,0.9,7.8,4.2,4.7,0,1.9,1.1,4.1,5.6,84.3,69,6,6154,1.8,8.1,77,11.8,38.8,38,1.1,82.1,6.6
Chile,Antofagasta,country_part,CL02,9.1,6.3,1.4,6.2,3.6,2.6,0,4.2,1.1,6.3,7.0,88.5,61.8,6.1,8243,2.7,9.8,79,15.7,42.2,54,1.1,87.6,7.0
Chile,Atacama,country_part,CL03,7.5,6.2,1,10,4.4,5.3,0,1,1.7,6.6,1.9,78.5,61.5,6.7,6531,0.4,9,78.9,10.7,44.7,32,1.2,88.4,5.6
Chile,Coquimbo,country_part,CL04,7.0,6.6,0.6,6.4,5,8.9,0.3,0,1.7,7.4,6.3,75.8,65.2,7,5173,2.6,8.2,78.5,4,48.2,25,1.2,90.3,6.8
Chile,Valparaíso,country_part,CL05,8.4,6.4,0.8,7.4,3.9,9.2,0.5,1.9,2.2,6.3,7.4,84.1,64.1,7.3,6021,2,8.9,77.9,3.3,49.1,38,1.3,87.6,7.1
Chile,O'Higgins,country_part,CL06,6.2,7.2,0.7,4.1,3.7,7.7,1.3,0,1.7,3.8,4.8,71.0,66.6,5.5,5542,3.9,9,77.8,6.1,52.4,18,1.2,81.2,6.4
Chile,Maule,country_part,CL07,5.3,6.6,0.5,4.5,3.3,7.6,1.7,0,1.7,1.1,5.6,65.1,63.8,6,5017,3.7,9.6,78.2,6.3,54.1,16,1.2,74.6,6.6
Chile,Bío-Bío,country_part,CL08,6.9,5.3,0.6,7.1,3.3,9.1,1.2,0,1.7,4.1,4.8,75.0,57.8,8.1,5393,2.2,9.2,77.4,3.6,52.1,25,1.2,82.0,6.4
Chile,Araucanía,country_part,CL09,6.3,7.2,0.6,5.7,3.1,9.3,0.3,0,1.7,4.5,4.8,71.1,67.9,6.1,5160,3,9,76.7,3.1,48,17,1.2,83.1,6.4
Chile,Los Lagos,country_part,CL10,6.2,8.3,0.7,4.1,3.8,10,0,0,2.2,6.1,5.6,70.6,72,3.9,5562,3.9,9.6,78.9,1.8,46.9,23,1.3,87.0,6.6
Chile,Aysén,country_part,CL11,6.2,8.8,1.4,1.2,1.5,10,0,0,1.7,0.0,10.0,70.9,75.2,3.8,7958,5.6,10.8,77.3,1.5,41.7,21,1.2,60.2,7.9
Chile,Magallanes y Antártica,country_part,CL12,8.5,7.9,1.5,2.2,2.1,10,0,1.2,2.8,1.1,8.1,85.2,67.7,2.6,8619,5,10.3,77.4,1,40.8,33,1.4,74.4,7.3
Chile,Santiago Metropolitan,country_part,CL13,8.3,6.6,1.5,4.8,4.3,7.7,0.7,3.6,1.7,5.8,6.3,83.6,64.3,6.4,8670,3.5,8.3,77.4,6.1,49.9,50,1.2,86.3,6.8
Chile,Los Rios,country_part,CL14,6.2,6.7,0.6,5.5,2.7,9.5,0.7,0,..,6.4,2.6,70.6,61.9,4.8,5330,3.1,9.9,77.7,2.8,49.9,21,..,87.9,5.8
Chile,Arica y Parinacota,country_part,CL15,8.2,4.3,0.7,5.2,4.7,6.9,0,3.5,..,6.7,4.8,82.8,45.8,6.2,5722,3.3,8.9,79.2,7.7,40.9,49,..,88.6,6.4
Czech Republic,Prague,country_part,CZ01,10.0,9.3,3.5,7.2,5.4,0.8,4.1,9.1,2.2,7.6,6.3,97.7,77.6,2.5,15968,2.1,8.6,79.8,19.1,64.1,88,1.3,90.9,6.8
Czech Republic,Central Bohemian Region,country_part,CZ02,10.0,8.1,2.8,7.9,2.7,2.1,3.5,7.5,2.8,2.7,4.1,96.0,72.4,5.1,13062,1.7,10.1,78.1,16.6,61.5,77,1.4,78.6,6.2
Czech Republic,Southwest,country_part,CZ03,10.0,7.9,2.4,9.5,3.1,3,3,7.2,3.3,6.0,4.8,94.4,71.5,5.5,11871,0.8,9.8,78.2,15,59.3,75,1.5,86.7,6.4
Czech Republic,Northwest,country_part,CZ04,9.3,6.4,2.1,7.4,0.8,2.3,1.1,6.2,2.8,7.7,4.4,90.1,66.8,8.7,10657,2,11.3,76.3,16.2,51.7,68,1.4,91.0,6.3
Czech Republic,Northeast,country_part,CZ05,10.0,7.5,2.3,7.9,3.5,3.2,3.3,6.5,3.3,8.0,5.6,95.0,70,6.3,11487,1.7,9.6,78.4,14.5,60.8,70,1.5,91.9,6.6
Czech Republic,Southeast,country_part,CZ06,10.0,7.6,2.5,7.2,4.2,2,3.5,7.7,2.8,7.3,5.2,96.1,70.5,5.9,12033,2.1,9.1,78.7,16.9,61.4,78,1.4,90.0,6.5
Czech Republic,Central Moravia,country_part,CZ07,10.0,7,2.2,6.7,3,1.8,3.2,7.4,2.8,8.4,5.6,95.4,67.7,6.9,11057,2.4,9.8,78,17.1,60.2,76,1.4,92.7,6.6
Czech Republic,Moravia-Silesia,country_part,CZ08,10.0,6.4,2.2,9.3,1.6,0,2,7.1,2.2,4.8,4.1,94.1,66.2,8.6,10876,0.9,10.5,77,23.2,55.5,74,1.3,83.7,6.2
Denmark,Capital (DK),country_part,DK01,7.7,8.2,4.1,9.7,5.7,4.2,9.2,9.3,5.0,10.0,9.6,80.2,76.3,7.1,18143,0.7,8.7,80.5,12.7,85.8,89,1.8,96.9,7.7
Denmark,Zealand,country_part,DK02,6.9,8.1,4,9.7,5.1,5.1,9.2,8.8,5.0,9.0,8.9,75.2,74.7,6.3,17493,0.7,8.9,79.9,11,85.7,86,1.8,94.4,7.5
Denmark,Southern Denmark,country_part,DK03,6.7,7.8,3.9,9.7,6.2,6.3,9.2,8.3,5.6,9.5,8.9,74.0,72.7,6.6,17089,0.7,8.3,80.7,8.8,85.8,82,1.9,95.7,7.5
Denmark,Central Jutland,country_part,DK04,7.0,8.1,3.9,9.3,6.6,7.1,9.5,8.8,5.0,10.0,9.3,75.4,74.3,6.1,17215,0.9,8.2,81.2,7.2,86.8,86,1.8,96.8,7.6
Denmark,Northern Jutland,country_part,DK05,6.7,8.2,3.9,10,5.8,7.7,9,8,5.6,10.0,9.6,74.0,75,6.4,17364,0.5,8.6,80.5,6.2,84.8,80,1.9,97.0,7.7
Estonia TL3,North Estonia,country_part,EE001,9.9,8.5,2.1,3.3,3.7,7.5,5.3,9.1,1.5,7.5,1.1,93.4,77.6,6.7,10523,4.4,8.9,77.5,6.6,69.1,87.6,1.2,90.5,5.4
Estonia TL3,West Estonia,country_part,EE004,8.9,7.2,1.3,9.7,1.6,6.5,3.1,6.9,2.9,5.3,1.1,87.3,70.7,8,7692,0.7,10.2,76.3,8.5,59.9,72.6,1.4,85.0,5.4
Estonia TL3,Central Estonia,country_part,EE006,8.3,7.2,1.6,5.3,0.7,7.1,3.4,6.7,2.6,7.8,2.2,83.7,71.1,7.9,9035,3.2,10.7,75.7,7.2,61,71.4,1.4,91.2,5.7
Estonia TL3,Northeast Estonia,country_part,EE007,9.7,4.4,0.7,0,0,6.2,1.9,6.8,1.3,3.8,0.4,92.2,60.6,13.7,5709,6.6,10.9,72.3,9,55,72.2,1.1,81.4,5.2
Estonia TL3,South Estonia,country_part,EE008,9.4,7.7,1.4,5.5,2.2,6.3,3.8,7.5,2.5,6.1,1.5,90.3,70.2,5.3,8247,3.1,9.7,76.5,8.8,62.7,76.6,1.3,87.0,5.5
Finland,Western Finland,country_part,FI19,8.8,6.9,4,9.7,7.5,8.2,5.1,9.1,5.6,9.0,8.9,86.9,69.9,8.7,17657,0.7,7.5,81.4,5.2,68.4,88,1.9,94.3,7.5
Finland,Helsinki-Uusimaa,country_part,FI1B,8.8,7.8,4.9,9.8,7.7,6.8,6.4,9.9,5.0,8.8,8.9,86.9,74.3,7.3,20971,0.6,7.5,81.7,7.8,73.8,93,1.8,93.9,7.5
Finland,Southern Finland,country_part,FI1C,8.7,6.4,4.1,9.8,6.7,7.5,5.3,9.1,5.6,8.8,8.9,86.1,67.8,9.4,18041,0.6,7.9,80.8,6.5,69.1,88,1.9,93.9,7.5
Finland,Eastern and Northern Finland,country_part,FI1D,9.0,6.1,3.8,9.3,6.4,8.6,4,8.8,5.6,8.8,8.9,88.1,66.3,10,16895,0.9,8,80.4,4.5,63.7,86,1.9,93.8,7.5
Finland,Åland,country_part,FI20,7.4,9.8,5,10,8.3,8.8,2.1,5.7,7.2,..,..,78.2,83.9,4,21224,0,7.4,82.5,4.1,55.8,64,2.2,..,..
France,Île-de-France,country_part,FR10,7.8,6,6.3,8.6,10,3.5,7.4,8.6,3.3,7.9,5.6,80.7,65.7,9.7,26032,1.3,6.1,83.8,14,78.2,84,1.5,91.6,6.6
France,Champagne-Ardenne,country_part,FR21,7.0,5,4.7,9.7,7.4,3.8,7.8,7.4,5.6,5.4,5.2,75.5,60.7,11.2,20229,0.7,7.5,81.2,13.5,79.8,76,1.9,85.4,6.5
France,Picardy,country_part,FR22,6.6,4.8,4.8,9,6.5,3.7,8.1,7.5,5.0,7.3,5.6,73.0,60.5,11.6,20370,1.1,8,80.6,13.7,81.1,77,1.8,90.0,6.6
France,Upper Normandy,country_part,FR23,7.4,4.8,4.9,9.3,7.4,5.3,8.1,8,5.0,7.4,5.2,78.4,60.9,11.9,20830,0.9,7.5,81.2,10.7,81.1,80,1.8,90.2,6.5
France,Centre (FR),country_part,FR24,7.3,5.8,5.1,9.7,8.7,5.2,8.3,7.2,5.6,7.3,5.2,77.8,63.6,9.5,21513,0.7,6.9,82.3,10.9,81.9,75,1.9,90.1,6.5
France,Lower Normandy,country_part,FR25,7.7,6.4,4.9,10,8.3,5.5,8.6,5.8,5.6,8.2,5.2,79.8,65.7,8.2,20751,0.5,7.1,82,10.2,83.2,65,1.9,92.2,6.5
France,Burgundy,country_part,FR26,7.8,5.5,5,9.1,8.2,5.2,8.2,6.4,5.6,8.0,5.9,80.7,63.4,10.7,21307,1,7.1,81.9,10.9,81.5,69,1.9,91.9,6.7
France,Nord-Pas-de-Calais,country_part,FR30,7.9,3.8,4.3,8.3,5.6,2.9,7.5,7.8,5.0,8.5,5.9,81.5,57.1,13.8,18579,1.5,8.4,79.8,15.2,78.6,79,1.8,93.0,6.7
France,Lorraine,country_part,FR41,8.0,4.8,4.6,9.3,7.6,4.4,7.8,7.1,5.6,7.5,5.2,81.8,60.5,11.8,19791,0.9,7.4,81.4,12.3,79.7,74,1.9,90.6,6.5
France,Alsace,country_part,FR42,8.2,5.8,4.9,9.5,8.5,2.5,7.8,7.4,5.0,8.4,5.6,83.1,64.9,10.1,21003,0.8,7,82.2,15.9,79.7,76,1.8,92.8,6.6
France,Franche-Comté,country_part,FR43,7.8,5.7,4.8,9.3,8.9,5.5,8.5,8.1,5.6,9.3,4.1,80.4,63.3,9.8,20566,0.9,6.8,82.4,10.3,82.8,81,1.9,95.0,6.2
France,Pays de la Loire,country_part,FR51,8.3,6.4,4.8,9.3,9.4,6.3,8.9,7.7,5.6,8.2,6.3,83.4,66.3,8.5,20618,0.9,6.6,82.9,8.8,84.2,78,1.9,92.3,6.8
France,Brittany,country_part,FR52,8.8,6.7,4.9,9.5,7.8,6.7,9,7,6.1,8.1,6.7,86.9,66.5,7.4,20740,0.8,7.3,81.6,8,84.7,73,2.0,92.0,6.9
France,Poitou-Charentes,country_part,FR53,8.1,5.5,4.8,9.3,8.4,6.7,8.5,7.5,6.1,7.6,6.3,82.3,63.7,10.9,20650,0.9,7,82,8.1,82.5,77,2.0,90.9,6.8
France,Aquitaine,country_part,FR61,8.4,6,4.9,9.5,9.3,6.5,8.6,7,5.6,8.4,7.0,84.5,64.3,9,21037,0.8,6.7,82.9,8.4,83.1,73,1.9,92.7,7.0
France,Midi-Pyrénées,country_part,FR62,8.7,6.2,4.9,9.1,9.8,6.2,8.9,7.7,5.6,8.4,6.7,86.4,65.6,9.1,20859,1,6.5,83.4,8.9,84.4,78,1.9,92.9,6.9
France,Limousin,country_part,FR63,8.0,6.2,4.9,9.7,8.3,7.2,8.9,6.8,6.1,8.0,4.8,81.8,66.3,9.3,21008,0.7,7.1,82,7.1,84.4,72,2.0,91.8,6.4
France,Rhône-Alpes,country_part,FR71,8.3,6.3,5.1,8.8,10,4.4,8.4,7.4,5.0,9.3,6.3,83.8,65.7,8.7,21760,1.2,6.3,83.5,12.3,82.4,76,1.8,95.0,6.8
France,Auvergne,country_part,FR72,7.9,6.3,5,9.7,8.1,6.1,8.7,6.8,6.1,9.1,5.6,81.2,63.3,7.3,21210,0.7,7.2,81.9,9.2,83.6,72,2.0,94.5,6.6
France,Languedoc-Roussillon,country_part,FR81,7.5,4.4,4.5,9,8.9,6.2,8.5,8.1,5.0,8.0,5.6,79.0,58.4,12.2,19420,1.1,6.8,82.5,8.9,82.6,81,1.8,91.8,6.6
France,Provence-Alpes-Côte d'Azur,country_part,FR82,7.7,5.9,5,6.9,9.4,5.2,8,7.2,3.9,7.4,5.9,80.0,65.2,10,21333,2.3,6.6,82.9,10.8,80.6,75,1.6,90.3,6.7
France,Corsica,country_part,FR83,6.8,3.4,4.6,0,9,7.3,6.5,6.5,3.9,10.0,8.1,74.4,31.3,10,19663,6.9,6.7,82.5,6.9,74.3,70,1.6,98.2,7.3
Germany,Baden-Württemberg,country_part,DE1,8.5,9.5,6.1,9.7,8.1,3.1,6.5,8.7,6.7,8.8,6.7,85.2,78.6,3.1,25288,0.7,7.2,81.9,14.8,74.3,85,2.1,93.9,6.9
Germany,Bavaria,country_part,DE2,8.9,9.5,6.4,9.8,7.2,3.8,5.5,8.8,7.2,8.9,6.7,87.1,79,2.9,26203,0.6,7.7,81.3,13.5,70.2,86,2.2,94.0,6.9
Germany,Berlin,country_part,DE3,8.7,6.8,4.7,8.8,6.7,3.1,6.1,9.1,6.1,9.1,4.8,86.3,70.9,9.8,20244,1.2,7.8,80.5,14.8,72.4,88,2.0,94.5,6.4
Germany,Brandenburg,country_part,DE4,9.9,8.2,4.9,8.1,5.8,3.2,5.1,7.7,7.2,8.0,4.1,93.8,75.5,6.7,20746,1.6,8.3,80,14.6,68.4,78,2.2,91.8,6.2
Germany,Bremen,country_part,DE5,8.0,7.4,5.5,8.3,5.3,3.9,5.2,9,7.2,8.8,6.7,82.1,70.3,6.6,23228,1.5,8.5,79.5,13.3,68.8,87,2.2,93.9,6.9
Germany,Hamburg,country_part,DE6,8.6,8.8,6.1,9.1,6.7,3.7,5.4,9.6,6.1,9.3,7.0,85.7,76.8,5,25315,1,7.8,80.6,13.7,69.6,91,2.0,95.0,7.0
Germany,Hesse,country_part,DE7,8.6,8.5,5.8,9.1,6.9,3.9,6.3,9.3,6.7,8.0,6.3,85.5,74.4,4.4,24308,1,7.8,81,13.2,73.2,89,2.1,91.9,6.8
Germany,Mecklenburg-Vorpommern,country_part,DE8,9.7,6.8,4.5,9.8,5.4,5.5,4.4,7.7,7.8,8.8,5.2,92.1,70.9,9.6,19604,0.6,8.5,79.6,10.3,65.4,78,2.3,93.9,6.5
Germany,Lower Saxony,country_part,DE9,8.6,8.5,5.4,9.1,5.9,3.9,6.3,9.3,7.8,8.6,6.7,85.6,74.6,4.6,22726,1,8.3,80.2,13.2,73.4,89,2.3,93.4,6.9
Germany,North Rhine-Westphalia,country_part,DEA,8.3,7.8,5.6,9.7,5.9,3.2,6.1,9.1,6.7,8.9,6.3,83.7,71.3,5.6,23489,0.7,8.3,80.2,14.6,72.5,88,2.1,94.2,6.8
Germany,Rhineland-Palatinate,country_part,DEB,8.4,8.7,6,9.7,6.4,3.8,6.2,9,7.8,8.9,6.3,84.6,74.6,3.9,24869,0.7,8.1,80.7,13.4,72.8,87,2.3,94.1,6.8
Germany,Saarland,country_part,DEC,8.4,7.6,5.3,8.1,5.4,5.1,6.1,9.1,8.9,8.2,5.9,84.1,69.8,5.8,22352,1.6,8.5,79.6,11,72.5,88,2.5,92.4,6.7
Germany,Saxony,country_part,DED,10.0,8.1,4.8,9.5,6.3,3.9,5.4,8.4,7.8,9.1,4.1,94.9,76.2,7.2,20476,0.8,8.1,80.5,13.2,69.7,83,2.3,94.6,6.2
Germany,Saxony-Anhalt,country_part,DEE,9.9,7.3,4.6,9,4.9,4.3,3.6,8.6,8.3,9.3,3.7,93.3,73,8.8,19990,1.1,8.8,79.3,12.5,62,84,2.4,95.2,6.1
Germany,Schleswig-Holstein,country_part,DEF,8.8,8.5,5.8,8.8,6,4,6.2,9.1,7.2,9.7,6.7,86.9,74.6,4.6,24048,1.2,8.3,80.3,13,73.1,88,2.2,96.0,6.9
Germany,Thuringia,country_part,DEG,10.0,8.4,4.7,8.8,5.9,5,5.1,8.6,7.8,9.4,4.1,95.1,76.2,6,20131,1.2,8.3,80.2,11.2,68.2,84,2.3,95.3,6.2
Greece,East Macedonia - Thrace,country_part,GR11,3.6,0.5,1.5,6.7,6,1.7,3.9,4.9,3.3,1.2,3.0,54.8,51,24.2,8486,2.4,8.1,80,17.4,63.2,59,1.5,74.7,5.9
Greece,Central Macedonia,country_part,GR12,6.3,0,1.6,6.7,7.5,2.7,4.1,4.9,3.3,4.1,0.4,71.6,46.5,28.7,8937,2.4,7.5,81.3,15.5,64.3,59,1.5,82.0,5.2
Greece,West Macedonia,country_part,GR13,5.0,0,1.6,6.7,7.6,4.5,5,4.9,3.3,3.5,0.0,63.7,47.5,27.6,8729,2.4,7.4,81.3,12.2,67.8,59,1.5,80.6,4.9
Greece,Thessaly,country_part,GR14,5.7,0.5,1.4,6.7,8,3.3,3.5,4.9,3.3,3.9,0.7,67.8,51,25.4,8273,2.4,7.3,81.8,14.3,61.5,59,1.5,81.5,5.3
Greece,Epirus,country_part,GR21,5.5,0.4,1.9,4.3,9.1,2.2,5,5.4,3.3,3.6,0.0,66.5,50.1,26.8,10117,3.8,6.7,82.6,16.5,67.9,62,1.5,80.9,5.1
Greece,Ionian Islands,country_part,GR22,5.0,1.7,1.4,4.3,7.8,3.7,1.8,5.4,3.3,5.5,0.0,63.7,55.1,21.4,8044,3.8,7.3,81.6,13.6,54.6,62,1.5,85.5,5.0
Greece,West Greece,country_part,GR23,5.1,0,1.3,4.3,7,4.6,5.4,5.4,3.3,5.4,3.0,64.3,47.2,28.8,7902,3.8,7.7,80.9,12,69.6,62,1.5,85.3,5.9
Greece,Central Greece,country_part,GR24,5.0,0.3,2,4.3,8.5,2.7,2.2,5.4,3.3,2.4,0.0,63.7,49.6,26.8,10383,3.8,7,82.2,15.5,56.2,62,1.5,77.7,4.8
Greece,Peloponnese,country_part,GR25,5.0,0.8,1.7,4.3,8.3,4.7,4,5.4,3.3,3.5,3.0,63.7,51.9,23.4,9246,3.8,7.1,82,11.7,63.6,62,1.5,80.6,5.9
Greece,Attica,country_part,GR30,8.3,0.7,3,4.5,7.1,5.5,4.9,6.5,3.3,3.2,0.4,83.5,52.1,27.3,14073,3.7,7.7,81.1,10.3,67.4,70,1.5,79.7,5.2
Greece,North Aegean,country_part,GR41,6.1,0.9,1.5,4.5,8.6,5,3.9,6.1,3.9,0.0,3.3,69.9,50.5,22.3,8609,3.7,6.9,82.1,11.2,63.1,67,1.6,68.8,6.0
Greece,South Aegean,country_part,GR42,5.6,2.1,1.8,4.5,8.6,3.9,3.9,6.1,3.3,7.1,1.5,67.3,55.4,20.1,9515,3.7,7,82.3,13.3,63.4,67,1.5,89.6,5.5
Greece,Crete,country_part,GR43,5.1,0.6,1.7,4.5,8.6,4.5,4.8,6.1,3.3,5.6,3.0,64.2,51.7,24,9220,3.7,7,82.3,12.1,66.9,67,1.5,85.7,5.9
Hungary,Central Hungary,country_part,HU10,9.6,6.8,2.3,8.3,1.4,2,4.6,8.3,1.1,5.8,0.0,91.8,65.4,6.2,11500,1.5,10.7,77,16.9,66.3,82,1.1,86.3,5.0
Hungary,Central Transdanubia,country_part,HU21,8.8,6.8,2,9,0.3,3,3.5,7.4,1.1,7.2,0.4,86.6,64.1,5.6,10158,1.1,11.7,75.5,15,61.4,76,1.1,89.8,5.2
Hungary,Western Transdanubia,country_part,HU22,9.0,7.2,1.9,8.3,0.7,2.8,3.8,7.5,1.1,5.3,0.7,87.9,65.6,4.6,10126,1.5,11.4,76.1,15.4,62.7,77,1.1,85.0,5.3
Hungary,Southern Transdanubia,country_part,HU23,8.5,5.4,1.7,7.1,0.1,3.3,2.9,7,1.7,7.8,0.0,84.9,58,7.8,9093,2.2,11.8,75.2,14.4,59.1,73,1.2,91.4,4.8
Hungary,Northern Hungary,country_part,HU31,8.4,4.3,1.5,8.8,0,2.8,3.2,5.9,1.1,6.3,0.0,84.1,54.9,10.4,8614,1.2,12.5,74.2,15.3,60.3,66,1.1,87.5,4.5
Hungary,Northern Great Plain,country_part,HU32,8.1,4.2,1.5,9.1,0.2,1.8,2.7,6.2,0.6,5.1,0.0,82.2,56.6,11.8,8443,1,11.7,75.4,17.1,58.4,68,1.0,84.6,4.9
Hungary,Southern Great Plain,country_part,HU33,8.7,5.3,1.6,7.6,0.4,1.8,2.7,6.2,1.1,7.1,0.0,86.3,59.3,9,8953,1.9,11.6,75.6,17.2,58.3,68,1.1,89.5,4.8
Iceland,Capital Region,country_part,IS01,7.0,9.4,3.7,10,8.1,9.5,7.8,9.9,3.9,10.0,7.4,75.8,82.3,5.4,16635,0.5,7.3,82.1,2.9,79.6,93,1.6,97.6,7.1
Iceland,Other Regions,country_part,IS02,4.8,9.7,3.7,10,7.9,10,8.5,9.6,3.9,9.5,8.1,62.0,81.5,4,16635,0,7.5,82.1,1.7,82.7,91,1.6,95.6,7.3
Ireland,"Border, Midland and Western",country_part,IE01,7.1,4.8,4.1,7.2,7,8.6,5.6,7.1,7.2,9.7,7.8,76.4,61.2,12.2,17961,2.1,7.9,81.3,4.5,70.6,74,2.2,96.0,7.2
Ireland,Southern and Eastern,country_part,IE02,8.0,5.6,4.8,7.9,6.7,8.2,5.4,8.3,6.1,10.0,7.0,82.0,64.4,10.9,20620,1.7,8,81,5.2,69.6,82,2.0,97.2,7.0
Israel,Jerusalem District,country_part,IL01,8.6,5.2,1.1,9,9.2,0,4.5,4.1,0.0,8.4,8.1,85.7,56.1,7.5,6944,1.1,6.7,82.8,20.8,65.7,53.1,0.9,92.9,7.3
Israel,Northern District,country_part,IL02,8.2,6,1,8.3,7.2,0,3.4,5.3,0.6,3.7,7.0,83.3,61.4,7.3,6723,1.5,7.7,81.2,20.7,61.1,61.5,1.0,81.0,7.0
Israel,Haifa District,country_part,IL03,9.1,7.8,1.9,8.3,8,0.5,3,6.1,2.2,5.4,8.1,88.5,72.1,6,9913,1.5,7.3,81.9,19.6,59.7,67.2,1.3,85.4,7.3
Israel,Central District,country_part,IL04,9.4,9.1,2.3,8.4,9.3,1.1,5.1,7.6,1.7,7.5,8.5,90.4,79.1,4.8,11281,1.4,6.7,83,18.5,68.2,77.4,1.2,90.5,7.4
Israel,Tel Aviv District,country_part,IL05,9.3,9.4,2.7,8.6,8.7,1.9,4.2,7.6,2.2,7.4,8.9,89.9,81.9,5.4,12775,1.3,7,82.5,17,64.4,77.7,1.3,90.3,7.5
Israel,Southern District,country_part,IL06,9.2,6.9,1.3,7.4,6.9,0,2.8,7,1.7,7.8,8.5,89.0,67.2,6.9,7900,2,7.7,80.8,21.6,58.7,73.6,1.2,91.2,7.4
Italy,Piedmont,country_part,ITC1,5.4,5.3,5.1,9.8,8.8,0,7.2,6.7,5.0,8.4,5.2,65.7,63.4,11.3,21498,0.6,7,82.7,22,77.3,71,1.8,92.9,6.5
Italy,Aosta Valley,country_part,ITC2,4.5,6.4,5.4,10,9.3,1.3,7.2,6.2,4.4,3.7,6.3,60.3,67,8.9,22874,0,6.7,83,18.2,77,68,1.7,81.0,6.8
Italy,Liguria,country_part,ITC3,5.7,5.3,5,10,8.6,3.9,6.7,6.2,6.1,9.1,3.3,67.8,62,10.8,21134,0.5,7.1,82.5,13.2,75.1,68,2.0,94.5,6.0
Italy,Lombardy,country_part,ITC4,5.7,6.4,5.4,9.8,9.8,0,7.8,7.2,4.4,6.5,4.4,67.8,65.9,8.2,22642,0.6,6.5,83.5,26.8,79.6,75,1.7,88.1,6.3
Italy,Abruzzo,country_part,ITF1,5.8,3.8,3.7,9.5,9.1,6.1,6.9,6.4,5.0,8.0,3.7,68.6,54.9,12.5,16529,0.8,6.9,82.9,9.2,75.9,69,1.8,91.7,6.1
Italy,Molise,country_part,ITF2,5.3,2.4,3.6,10,9,5.1,7.4,6.1,5.0,3.4,1.9,65.3,49.2,15.2,16026,0.3,6.9,82.8,11,78.1,67,1.8,80.4,5.6
Italy,Campania,country_part,ITF3,4.6,0.6,2.8,8.6,6.9,4.4,5,5.7,3.3,5.6,1.9,61.1,39.6,21.7,13171,1.3,7.9,81.1,12.4,67.9,64,1.5,85.8,5.6
Italy,Apulia,country_part,ITF4,4.2,0.6,3.1,9,9.4,5.6,5.5,5.9,3.9,5.4,3.0,58.5,42.5,21.5,14330,1.1,6.7,83.1,10.1,69.9,66,1.6,85.2,5.9
Italy,Basilicata,country_part,ITF5,5.4,2.3,3.2,10,9.1,6.4,5.4,5.2,3.9,7.5,4.8,65.8,47.9,14.7,14808,0.3,6.8,82.8,8.6,69.5,61,1.6,90.5,6.4
Italy,Calabria,country_part,ITF6,5.0,0.2,2.9,6.7,8.7,5.3,3.9,5.2,4.4,5.3,1.1,63.7,39.8,23.4,13709,2.4,7,82.5,10.7,63.1,61,1.7,85.0,5.4
Italy,Sicily,country_part,ITG1,4.4,0.5,2.8,0,7.9,6,4.2,5.4,4.4,5.8,3.0,59.5,39.4,22.2,13376,8.5,7.4,81.9,9.3,64.6,62,1.7,86.3,5.9
Italy,Sardinia,country_part,ITG2,3.5,1.6,3.5,9,9.2,7.1,5.1,7.2,5.0,8.3,4.1,54.2,49.3,18.6,15672,1.1,6.7,82.8,7.2,68.3,75,1.8,92.5,6.2
Italy,Province of Bolzano-Bozen,country_part,ITH1,6.1,8.2,5.7,10,10,2.1,8.4,7.8,3.9,8.5,5.9,70.4,72.3,4.4,23986,0.4,6.3,83.9,16.6,82.1,79,1.6,93.2,6.7
Italy,Province of Trento,country_part,ITH2,6.8,6.9,4.9,9.5,9.9,3.6,7.9,7.5,4.4,8.5,5.9,74.4,67,6.9,20817,0.8,6.4,83.9,13.8,80,77,1.7,93.2,6.7
Italy,Veneto,country_part,ITH3,5.8,6.5,4.9,10,9.7,0,8.3,7,5.0,6.8,4.4,68.3,64.9,7.5,21067,0.2,6.6,83.4,21.2,81.7,73,1.8,88.9,6.3
Italy,Friuli-Venezia Giulia,country_part,ITH4,6.1,6.3,5.2,9.7,8.8,0,7.2,7.5,6.1,8.4,5.2,70.1,64.4,8,21891,0.7,7,82.6,20.5,77.2,77,2.0,92.8,6.5
Italy,Emilia–Romagna,country_part,ITH5,5.9,6.7,5.4,9.8,9.7,2.3,8.4,7.5,5.0,6.3,4.4,68.7,67.8,8.3,22858,0.6,6.6,83.4,16.2,82.1,77,1.8,87.5,6.3
Italy,Tuscany,country_part,ITI1,5.2,5.9,4.7,9.7,9.6,5.2,7.7,7.1,5.6,7.3,3.7,64.9,65.2,10.1,20308,0.7,6.7,83.4,10.9,79.2,74,1.9,90.1,6.1
Italy,Umbria,country_part,ITI2,6.4,5.1,4.5,9.3,9.5,5.7,7.8,6.7,5.0,3.7,3.7,72.3,61.9,11.3,19419,0.9,6.7,83.3,9.9,79.5,71,1.8,81.1,6.1
Italy,Marche,country_part,ITI3,5.7,5.6,4.6,10,9.8,6.7,7.8,7.1,5.0,6.1,3.3,67.5,63.6,10.1,19766,0.5,6.5,83.6,8.1,79.8,74,1.8,87.0,6.0
Italy,Lazio,country_part,ITI4,6.9,4.4,4.9,9.3,9,5.9,7.3,7,4.4,8.2,3.7,75.1,59.1,12.5,20818,0.9,6.9,82.8,9.5,77.5,73,1.7,92.4,6.1
Japan,Hokkaido,country_part,JPA,8.8,9.1,4.1,9.8,9.6,6.6,2.3,5.2,5.6,6.3,3.3,86.8,77.9,4.2,17848,0.6,6.1,82.7,8.2,56.4,61,1.9,87.5,6.0
Japan,Tohoku,country_part,JPB,8.7,9.9,4,10,9.4,5.6,1.4,5.4,6.1,6.7,2.2,86.3,83.1,3.4,17644,0.5,6.2,82.4,10.1,52.6,62,2.0,88.5,5.7
Japan,"Northern-Kanto, Koshin",country_part,JPC,9.0,9.9,4.6,9.7,9.7,4.4,1.7,6.2,5.6,8.5,3.7,88.1,84.7,3.3,19657,0.7,6.2,82.9,12.3,53.9,68,1.9,93.1,6.1
Japan,Southern-Kanto,country_part,JPD,9.6,9.7,5.3,9.3,9.8,2.5,1.5,8.3,5.0,7.0,3.7,91.9,81.2,3.5,22420,0.9,5.9,83.1,15.8,53.2,82,1.8,89.3,6.1
Japan,Hokuriku,country_part,JPE,8.9,10,4.4,9.8,9.9,4,0.9,6.4,8.3,6.5,3.3,87.1,86.2,3.2,19213,0.6,6,83.3,13,50.5,69,2.4,88.1,6.0
Japan,Toukai,country_part,JPF,8.8,10,4.8,9.8,9.8,4,1.8,7.1,6.1,7.5,3.7,87.0,84.2,2.8,20668,0.6,6,83,13.1,54.6,74,2.0,90.6,6.1
Japan,Kansai region,country_part,JPG,9.3,9.2,4.5,8.8,9.6,4.6,1.1,8.1,7.8,7.8,3.3,90.0,78.4,4.1,19518,1.2,6,82.8,12,51.3,81,2.3,91.4,6.0
Japan,Chugoku,country_part,JPH,9.3,10,4.3,9.7,9.9,4.7,1.2,5.9,7.8,7.0,2.6,89.9,83.1,3.2,18761,0.7,6,83.2,11.7,52,66,2.3,89.3,5.8
Japan,Shikoku,country_part,JPI,8.9,9.9,3.9,9.3,9.7,4.1,0.7,4.9,6.7,6.8,2.6,87.1,82.5,3.7,17383,0.9,6.2,82.9,12.8,49.7,59,2.1,88.8,5.8
Japan,"Kyushu, Okinawa",country_part,JPJ,9.0,9.4,3.9,9.5,9.8,3.1,1,5.1,6.1,7.4,3.0,88.1,79.9,4.3,17395,0.8,6,83,14.7,50.9,60,2.0,90.4,5.9
Korea,Capital Region (KR),country_part,KR01,8.9,7.8,3.9,8.6,9.3,0,6.7,10,2.2,3.0,3.3,87.1,68.3,4,17093,1.3,6.4,82.4,27,75.1,99.2,1.3,79.4,6.0
Korea,Gyeongnam Region,country_part,KR02,8.0,7.8,3.7,7.8,7.6,2.8,7.2,10,2.8,2.5,3.3,81.8,67.3,3.1,16499,1.8,7.1,80.9,15.4,77,98.3,1.4,78.1,6.0
Korea,Gyeonbuk Region,country_part,KR03,7.2,8.5,3.4,8.4,8,0,7.4,10,3.3,0.3,2.2,76.9,72.5,3.4,15335,1.4,6.8,80.9,22,78.2,97.8,1.5,72.6,5.7
Korea,Jeolla Region,country_part,KR04,6.8,8.6,3.2,8.6,8.1,0,7.1,10,3.3,1.7,3.0,74.7,72.9,2.7,14830,1.3,6.8,81.2,24.1,76.8,97.6,1.5,76.0,5.9
Korea,Chungcheong Region,country_part,KR05,7.5,8.5,3.4,7.9,8.7,0,6.4,10,2.8,2.7,3.7,78.5,72.1,3.3,15509,1.7,6.6,81.7,24.2,74,97.4,1.4,78.5,6.1
Korea,Gangwon Region,country_part,KR06,6.5,8,3.1,8.3,7.6,0,7.1,10,2.8,1.4,2.2,72.7,68.1,3.1,14159,1.5,6.9,80.4,21.7,76.8,97.2,1.4,75.2,5.7
Korea,Jeju,country_part,KR07,7.8,9.5,3.5,1.7,9.7,3.1,6.3,10,2.8,2.0,2.6,80.4,78.6,2,15848,5.3,6.3,82.9,14.8,73.3,98.2,1.4,76.9,5.8
Luxembourg,Luxembourg,country_part,LU00,8.1,6.7,7.1,9.5,8.1,5.1,10,9.9,6.1,6.2,6.7,82.5,63.8,5.9,28908,0.8,7.2,81.9,11.1,91.1,93,2.0,87.4,6.9
Mexico,Aguascalientes,country_part,ME01,1.6,6.4,0.2,4.1,1.4,5.7,3.3,1.9,0.6,0.0,7.0,42.4,61.5,5.8,3865,3.9,10,75.7,9.9,60.7,37.9,1.0,66.0,7.0
Mexico,Baja California Norte,country_part,ME02,1.6,6.7,0.4,0,0.9,8.2,1.6,3.8,1.1,3.2,6.3,42.5,63.5,5.7,4623,22.8,10.1,73.8,5.2,53.8,51.5,1.1,79.8,6.8
Mexico,Baja California Sur,country_part,ME03,2.2,7.6,0.4,0,1.6,8.2,2.8,2.7,0.6,6.9,10.0,46.3,68.5,4.9,4456,6.8,9.9,75.9,5.2,58.8,43.8,1.0,89.0,7.8
Mexico,Campeche,country_part,ME04,1.2,7.5,0.2,0,2.1,9,4.9,0.3,0.0,2.9,10.0,40.2,65.3,3.2,3764,8.1,9,75.1,3.8,67.3,27.1,0.8,79.0,8.6
Mexico,Coahuila,country_part,ME05,1.9,7,0.3,0,0.8,6.1,3.6,1.4,1.1,0.0,5.6,44.4,64.6,5.2,4205,27.6,10.5,75.5,9.1,61.9,34.6,1.1,69.7,6.6
Mexico,Colima,country_part,ME06,1.5,8,0.3,0,0.8,6.3,4.1,2.9,0.6,4.6,6.3,41.7,70.5,4.4,4093,32.5,10.6,75.8,8.8,64.3,45.2,1.0,83.4,6.8
Mexico,Chiapas,country_part,ME07,0.0,6.3,0,0,0.9,7.6,4.9,0,0.0,1.0,5.6,26.9,56.8,3.3,1786,9.6,10.1,72.6,6.3,67.3,9.5,0.7,74.3,6.6
Mexico,Chihuahua,country_part,ME08,0.9,7.1,0.1,0,0,8.1,1.5,2.6,1.1,7.5,7.4,38.1,62.3,3.2,3532,58.7,11.6,72.3,5.5,53.2,42.9,1.1,90.5,7.1
Mexico,Federal District (MX),country_part,ME09,4.1,6.7,0.8,0,0.6,2.9,4.8,4.1,1.7,5.8,8.9,57.6,65.5,6.8,5845,12.4,11.7,76,15.1,67.2,53,1.2,86.2,7.5
Mexico,Durango,country_part,ME10,0.7,6.1,0,0,1.9,6.6,3.1,0.8,0.6,4.3,7.0,37.0,59.9,6,2896,27.5,9.3,75.3,8.3,59.8,30.3,1.0,82.5,7.0
Mexico,Guanajuato,country_part,ME11,0.0,6.9,0,0,1.6,2.1,3,0.4,0.0,0.0,6.3,30.6,63.7,4.7,2881,12.3,9.6,75.3,16.7,59.6,27.5,0.9,66.7,6.8
Mexico,Guerrero,country_part,ME12,0.1,7.5,0,0,2.2,4.2,3.1,0,0.0,1.1,4.1,33.1,65.1,1.5,2294,64.8,8.9,72.7,12.7,60.1,20.7,0.7,74.5,6.2
Mexico,Hidalgo,country_part,ME13,0.2,7,0,0.5,2.2,3.1,4.5,0.1,0.0,1.1,4.4,33.9,63.4,4.1,2918,6,8.9,74.3,14.8,65.7,25.6,0.9,74.5,6.3
Mexico,Jalisco,country_part,ME14,1.2,7,0.3,0,0.9,3.9,4.2,2.4,0.6,1.8,8.5,39.9,64.4,5,4002,19.2,10.3,75.4,13.3,64.7,41.4,1.0,76.2,7.4
Mexico,Mexico,country_part,ME15,1.5,6.2,0,0,2.5,2.7,4.5,1.2,0.6,2.6,7.4,41.7,62,6.6,3186,20.2,8.7,75.1,15.5,66,33.3,1.0,78.4,7.1
Mexico,Michoacan,country_part,ME16,0.0,7.3,0,0,2,3.1,1.3,0,0.0,0.9,9.6,29.8,64,3.2,2538,20.3,9.1,74.5,14.8,52.5,23.7,0.9,74.0,7.7
Mexico,Morelos,country_part,ME17,1.3,7,0,0,1.6,0,4.4,1.9,0.6,8.0,5.2,40.8,63.1,4.1,3015,33.6,9.7,75.5,24.2,65.2,38.4,1.0,91.7,6.5
Mexico,Nayarit,country_part,ME18,1.2,7.2,0.1,0,2.4,8.1,3.7,1.6,0.6,4.9,7.8,40.0,67.2,5.7,3503,19.2,8.7,74.8,5.5,62.6,35.9,1.0,84.0,7.2
Mexico,Nuevo Leon,country_part,ME19,2.6,6.8,0.6,0,1.7,6.6,3.2,4.4,1.1,4.4,8.9,48.4,64.5,5.6,5066,18.9,9.9,76,8.3,60.4,55.1,1.1,82.7,7.5
Mexico,Oaxaca,country_part,ME20,0.0,7.5,0,0,2,5.3,3.6,0,0.0,0.0,7.0,27.9,64.9,2.6,2070,19.2,9.1,72.8,10.6,62,14,0.8,70.1,7.0
Mexico,Puebla,country_part,ME21,0.2,7.3,0,0,0.9,2.9,3.9,0,0.0,1.0,5.9,33.7,65,4.1,2319,9.2,10.1,74.7,15.1,63.3,23.8,0.9,74.2,6.7
Mexico,Queretaro,country_part,ME22,1.4,5.5,0.3,0.3,1.1,0,4.7,1.1,0.6,4.6,8.5,41.0,55.7,5.9,4009,6.1,10,75.2,21.1,66.8,32.3,1.0,83.3,7.4
Mexico,Quintana Roo,country_part,ME23,1.7,7.6,0.3,0,1.8,9.3,2.7,3.1,0.0,9.6,10.0,43.4,67.8,4.5,4114,11,9.5,75.5,3.2,58.1,46.7,0.8,95.9,8.1
Mexico,San Luis Potosi,country_part,ME24,0.7,7.2,0,0,2.2,6.1,3.9,0.3,0.6,0.0,5.9,37.0,63.2,3.2,2847,11.2,8.9,74.5,9.1,63.3,27.2,1.0,58.9,6.7
Mexico,Sinaloa,country_part,ME25,2.4,6.5,0.2,0,2,7.3,3.5,1.9,0.6,0.0,10.0,47.5,62.1,5.8,3860,41.1,9.1,75.1,6.9,61.7,38.1,1.0,67.6,8.1
Mexico,Sonora,country_part,ME26,2.1,7.6,0.5,0,0.2,8,2.6,3,0.6,0.0,10.0,45.4,68.8,4.9,4680,23.1,10.8,75.1,5.6,57.8,45.9,1.0,62.1,8.1
Mexico,Tabasco,country_part,ME27,1.3,5.7,0,0,1,7,5.8,0.5,0.0,6.6,6.3,40.5,58.5,6.6,3023,10.6,10,74.6,7.4,71.3,28.6,0.9,88.3,6.8
Mexico,Tamaulipas,country_part,ME28,1.8,6.8,0.2,0,1.3,7.4,2.8,1.8,0.6,0.0,10.0,44.0,63.5,5.2,3809,25.5,10,75.5,6.7,58.5,37.2,1.0,68.6,8.2
Mexico,Tlaxcala,country_part,ME29,0.7,6.7,0,0,2.1,4.7,4,0,0.0,3.6,8.5,37.0,63.5,5.8,2381,7.1,9,75,11.7,63.9,24.8,0.9,80.8,7.4
Mexico,Veracruz,country_part,ME30,0.4,6.3,0,0,0.8,4.9,4.8,0,0.0,2.8,5.6,35.0,57.5,3.7,2614,9.6,10.2,73.9,11.4,67.1,21.2,0.9,78.8,6.6
Mexico,Yucatan,country_part,ME31,0.9,8.1,0.1,6.7,1,9.3,7.3,0.7,0.0,8.9,10.0,38.0,69.3,2.4,3519,2.4,10.2,75.4,3.2,77.4,29.5,0.9,94.1,8.2
Mexico,Zacatecas,country_part,ME32,0.0,6.2,0,0,1.9,7.2,3.5,0.1,0.6,8.0,4.4,30.4,58.7,4.8,2717,27.7,9.2,75,7.1,61.4,25.8,1.0,91.7,6.3
Netherlands,Groningen,country_part,NL11,7.2,6.7,3.2,10,6,5.4,6.8,9.7,6.7,10.0,9.3,76.8,68.7,8.6,14608,0.5,8.3,80.3,10.5,75.5,92,2.1,96.8,7.6
Netherlands,Friesland,country_part,NL12,6.6,7.7,3.5,10,6.8,5.9,7.2,10,6.7,8.3,9.3,73.4,74.4,7.9,15734,0.5,7.9,81,9.5,77.1,95,2.1,92.6,7.6
Netherlands,Drenthe,country_part,NL13,6.8,7.8,3.5,10,7.1,6,7.1,10,6.7,10.0,8.9,74.7,74.2,7.3,15644,0.5,7.8,81.2,9.4,76.9,94,2.1,97.8,7.5
Netherlands,Overijssel,country_part,NL21,7.0,8,3.5,8.6,7,4.7,7,10,6.1,9.8,8.9,75.4,75.6,7.3,15963,1.3,7.9,81.2,11.8,76.5,96,2.0,96.4,7.5
Netherlands,Gelderland,country_part,NL22,7.0,8.1,3.9,8.6,7.4,2.8,7.2,10,6.1,8.5,8.9,75.8,75.7,6.9,17183,1.3,7.7,81.5,15.3,77,96,2.0,93.1,7.5
Netherlands,Flevoland,country_part,NL23,7.0,6.4,3.8,8.6,7.1,3.7,6,9.4,6.1,9.9,7.4,75.5,70,11,16927,1.3,7.8,81.3,13.6,72.3,90,2.0,96.6,7.1
Netherlands,Utrecht,country_part,NL31,7.7,8.4,4.6,9.8,7.9,4.8,7.5,10,6.1,8.2,8.9,80.0,76.9,6.4,19816,0.6,7.5,82,11.5,78.4,96,2.0,92.2,7.5
Netherlands,North Holland,country_part,NL32,7.5,8.2,4.3,9.8,7.2,3.6,6.6,10,6.1,8.3,8.9,79.0,76.3,6.9,18837,0.6,7.8,81.5,13.9,74.7,94,2.0,92.6,7.5
Netherlands,South Holland,country_part,NL33,6.9,7.4,4.2,9.8,7.4,3.9,6.3,10,6.1,9.0,8.9,75.3,72.8,8.4,18204,0.6,7.7,81.6,13.3,73.2,94,2.0,94.4,7.5
Netherlands,Zeeland,country_part,NL34,6.3,8.7,3.8,9.8,7.7,1.3,6.8,10,6.1,7.5,10.0,71.6,77.2,5.3,16900,0.6,7.5,81.7,18.1,75.6,98,2.0,90.5,7.8
Netherlands,North Brabant,country_part,NL41,6.8,8.1,4,9.7,7.5,3.2,6.1,9.9,6.7,9.1,8.9,74.2,75.9,7,17704,0.7,7.6,81.5,14.6,72.7,93,2.1,94.5,7.5
Netherlands,Limburg,country_part,NL42,6.6,7.4,4,9.7,7,2.5,5.7,10,6.7,8.0,8.1,73.3,71.5,7.3,17781,0.7,7.8,81.1,15.9,70.7,95,2.1,91.9,7.3
New Zealand,Northland Region,country_part,NZ011,5.1,7.6,2.6,8.8,5.6,10,6.4,5.1,7.8,8.4,8.9,64.1,73.9,8.3,12341,1.2,8.8,80.6,1.5,73.6,60,2.3,92.8,7.5
New Zealand,Auckland Region,country_part,NZ012,7.4,8.1,3.9,8.6,9,9.5,6.4,8,6.1,8.7,7.8,77.9,74.5,6.4,17325,1.3,6.6,82.3,2.8,73.6,80,2.0,93.7,7.2
New Zealand,Waikato Region,country_part,NZ013,6.0,8.6,3.1,9.3,6.9,10,6.4,6.7,7.8,9.8,7.8,69.8,78.3,6.4,14243,0.9,7.8,81,1.5,73.6,71,2.3,96.4,7.2
New Zealand,Bay of Plenty Region,country_part,NZ014,6.2,8.7,2.6,9.7,7.1,9.9,6.4,6.4,7.8,9.3,8.1,70.9,78.7,6.2,12342,0.7,7.7,81.1,2,73.6,69,2.3,95.2,7.3
New Zealand,Gisborne Region,country_part,NZ015,5.6,8,3,7.2,2,10,6.4,6.2,7.2,9.8,8.5,67.2,76,7.6,13949,2.1,15.6,78.3,1,73.6,68,2.2,96.3,7.4
New Zealand,Hawke's Bay Region,country_part,NZ016,5.6,8,3,10,5.9,10,6.4,6.2,7.8,8.5,8.5,67.2,76,7.6,13949,0,8.5,80.5,1.7,73.6,68,2.3,93.2,7.4
New Zealand,Taranaki Region,country_part,NZ017,5.8,9.4,3.8,9.3,4.8,10,6.4,6.4,8.3,10.0,8.1,68.4,81.8,5.3,17037,0.9,9.7,80.8,1.3,73.6,69,2.4,97.7,7.3
New Zealand,Manawatu-Wanganui Region,country_part,NZ018,5.5,7.5,3,10,5.4,10,6.4,5.9,8.3,9.2,7.4,66.7,72.9,7.8,13831,0,8.9,80.4,1.9,73.6,66,2.4,94.9,7.1
New Zealand,Wellington Region,country_part,NZ019,7.5,9.2,4.7,9.8,7.1,10,6.4,8,7.2,8.6,7.4,78.6,80.7,5.6,20353,0.6,8,81.6,1.5,73.6,80,2.2,93.4,7.1
New Zealand,Tasman-Nelson-Marlborough,country_part,NZ021,6.6,9.6,3.3,10,6.3,10,6.9,7.2,7.8,9.3,8.5,73.0,82.6,4.7,14975,0,8.8,81.8,1,75.9,75,2.3,95.0,7.4
New Zealand,West Coast Region,country_part,NZ022,6.6,9.6,3.3,10,3.2,10,6.9,7.2,6.7,8.7,9.3,73.0,82.6,4.7,14975,0,13.9,80.4,1.1,75.9,75,2.1,93.7,7.6
New Zealand,Canterbury Region,country_part,NZ023,6.5,10,4.3,9.3,6.9,9.7,6.9,7.2,7.8,9.8,7.8,72.8,85.1,3.2,18697,0.9,8.1,81.5,2.4,75.9,75,2.3,96.4,7.2
New Zealand,Otago Region,country_part,NZ024,7.3,9.8,3.8,8.4,5.8,10,6.9,7,6.7,9.4,9.6,77.5,82.2,4,16767,1.4,9,81.2,1.2,75.9,73,2.1,95.3,7.7
New Zealand,Southland Region,country_part,NZ025,5.9,9.9,3.7,10,4.5,10,6.9,7.4,7.8,9.9,8.5,68.8,84.9,3.7,16409,0,9.7,80.3,1.4,75.9,76,2.3,96.7,7.4
Norway,Oslo and Akershus,country_part,NO01,8.6,9.6,5.9,9.5,8.3,8,8.1,10,5.0,8.8,9.3,85.5,79.6,3,24721,0.8,7.3,82.3,5.6,80.9,95,1.8,93.8,7.6
Norway,Hedmark and Oppland,country_part,NO02,7.9,9.2,4.9,10,6.5,8.9,7,7.5,6.7,8.8,8.5,81.3,77.1,2.6,21062,0.3,8.2,80.9,4,76.3,77,2.1,93.8,7.4
Norway,South-Eastern Norway,country_part,NO03,7.7,8.8,5.1,9.1,6.9,8.3,7.2,9.1,6.7,9.3,9.3,80.1,74.1,3.3,21621,1,8,81.3,5.1,77.1,88,2.1,95.0,7.6
Norway,Agder and Rogaland,country_part,NO04,8.0,9.5,5.4,10,7.6,8.6,7.4,8.6,6.1,8.2,9.3,82.0,79,2.5,22883,0.3,7.7,81.9,4.5,77.9,84,2.0,92.4,7.6
Norway,Western Norway,country_part,NO05,8.3,9.5,5.3,8.3,8.3,8.9,7.6,9,6.1,8.7,8.9,83.4,78.7,2.2,22474,1.5,7.3,82.4,4,79,87,2.0,93.6,7.5
Norway,Trøndelag,country_part,NO06,8.4,9.3,5.1,10,7.9,9.8,7.5,8.4,6.1,9.8,9.6,84.2,77.4,2.5,21801,0,7.5,82.1,2.2,78.5,83,2.0,96.3,7.7
Norway,Northern Norway,country_part,NO07,7.6,9.1,5.1,9.1,6.8,9.5,6.5,9.4,6.7,7.4,8.9,79.2,75.8,2.8,21808,1,8,81.1,2.9,74.2,90,2.1,90.4,7.5
Poland,Lódzkie,country_part,PL11,9.6,7.5,2.4,6.9,0.2,1.6,1.1,5.9,0.6,7.2,2.6,91.9,74.2,8.9,11952,2.3,11.1,75.4,17.5,51.6,66,1.0,89.7,5.8
Poland,Mazowieckie,country_part,PL12,10.0,7.5,3,7.6,3,2.7,2.8,7.3,1.1,7.6,3.0,94.1,71.9,7.2,14136,1.9,9.6,77.7,15.5,58.7,75.3,1.1,90.8,5.9
Poland,Malopolskie,country_part,PL21,10.0,5,2.2,8.6,3.9,1.1,1.9,6.8,0.0,7.9,2.6,95.0,57.4,9.1,11143,1.3,9.2,78.5,18.5,54.9,71.7,0.9,91.5,5.8
Poland,Slaskie,country_part,PL22,10.0,5.2,2.8,7.6,1.2,1.7,1.3,6.3,0.6,7.0,2.6,96.0,58.3,8.6,13257,1.9,10.5,76.3,17.3,52.2,68.2,1.0,89.4,5.8
Poland,Lubelskie,country_part,PL31,9.6,6.2,2,7.1,2.2,2.9,0.5,6.6,0.6,8.8,2.2,91.9,66.9,9.9,10271,2.2,10,77.1,15.1,49,70.8,1.0,93.8,5.7
Poland,Podkarpackie,country_part,PL32,9.8,3.3,1.7,9.7,4.1,2.8,0.8,7.1,0.0,8.8,1.1,93.0,53.5,14,9339,0.7,9.1,78.6,15.4,50.4,74.3,0.9,93.8,5.4
Poland,Swietokrzyskie,country_part,PL33,9.5,5.8,2,6.9,2.1,3.7,0,6,0.0,7.2,1.1,91.2,66.7,11.4,10426,2.3,10.1,77.1,13.7,46.8,66.5,0.9,89.9,5.4
Poland,Podlaskie,country_part,PL34,9.4,5.1,1.9,8.8,3.3,4,0.1,6.6,1.1,8.1,2.6,90.5,57.9,9.1,9914,1.2,9.4,77.7,13.1,47.1,70.8,1.1,92.1,5.8
Poland,Wielkopolskie,country_part,PL41,10.0,5,2.6,8.8,2.1,2.8,0.8,7.2,0.6,8.0,3.3,94.4,55.2,7.7,12341,1.2,10.2,77.2,15.4,50.2,74.6,1.0,91.8,6.0
Poland,Zachodniopomorskie,country_part,PL42,9.5,3.8,2.3,7.1,1.8,4.5,0,6,0.6,8.4,5.6,91.1,47.9,8.4,11492,2.2,10.2,76.7,12.2,45.9,66.5,1.0,92.7,6.6
Poland,Lubuskie,country_part,PL43,9.8,5.1,2.1,6,1.2,2.8,0,5.6,0.6,6.3,3.0,93.1,56.5,8.3,10801,2.8,10.5,76.3,15.3,44.6,63.3,1.0,87.5,5.9
Poland,Dolnoslaskie,country_part,PL51,10.0,4.5,2.5,7.2,2,3.6,0.6,6.8,1.1,6.0,3.3,94.4,54.1,9.1,12079,2.1,10.1,76.9,13.8,49.4,71.9,1.1,86.7,6.0
Poland,Opolskie,country_part,PL52,9.9,4.9,2.1,9.1,2.4,1.2,0,6.7,1.1,6.5,2.6,93.4,54.9,7.8,10571,1,9.9,77.2,18.3,43.1,71.5,1.1,88.1,5.8
Poland,Kujawsko-Pomorskie,country_part,PL61,9.7,4.1,2.1,8.1,1.9,3.3,0,6.5,0.0,8.1,3.0,92.3,53.8,10.7,10574,1.6,10.2,76.9,14.3,46.4,69.9,0.9,92.0,5.9
Poland,Warminsko-Mazurskie,country_part,PL62,9.1,4.1,2,8.3,1.2,4.8,0,5.7,0.0,7.9,3.3,88.9,52.3,9.8,10245,1.5,10.5,76.3,11.6,42.3,64.1,0.9,91.6,6.0
Poland,Pomorskie,country_part,PL63,9.8,5.1,2.4,7.8,3.3,5.5,1.2,7.8,0.6,6.6,3.7,92.7,57.1,8.6,11601,1.8,9.5,77.9,10.3,51.9,78.8,1.0,88.4,6.1
Portugal,North (PT),country_part,PT11,1.6,4.5,2.9,9.5,7.2,6.7,2.6,5.2,5.6,5.6,0.7,42.5,63.4,14.8,13584,0.8,7.7,81.3,8.1,57.8,61,1.9,85.7,5.3
Portugal,Algarve,country_part,PT15,2.5,5.3,3.6,5.9,6.5,7.3,1.1,5.7,5.6,4.6,0.4,48.1,68.8,14.5,16290,2.9,8,80.6,6.9,51.4,64,1.9,83.2,5.2
Portugal,Central Portugal,country_part,PT16,1.6,6.7,3.2,7.6,6.9,7.3,2,4.6,6.7,6.0,0.0,42.5,71.7,10.6,14632,1.9,7.8,81,6.9,55.2,57,2.1,86.9,5.1
Portugal,Lisbon,country_part,PT17,4.5,4.8,4.7,8.4,7.5,7.1,3.1,6.8,5.6,6.3,1.1,60.5,65.8,14.9,20353,1.4,7.5,81.3,7.2,59.8,72,1.9,87.5,5.4
Portugal,Alentejo,country_part,PT18,1.8,5,3.3,8.8,5.9,7.6,2.7,4.1,6.1,3.2,1.1,44.0,66.1,14.3,15075,1.2,8.3,80.2,6.4,58.3,53,2.0,79.7,5.4
Portugal,Azores,country_part,PT20,0.1,3.5,3.7,9.5,1,9.3,0,6.4,5.0,7.6,1.1,33.0,58.8,16.3,16515,0.8,11.1,76.7,3.2,41.2,69,1.8,90.8,5.4
Portugal,Madeira,country_part,PT30,0.9,4.2,3.5,8.3,3.5,8.3,0.5,6.1,3.9,4.2,0.4,38.2,61.7,15.1,15823,1.5,9.6,78.4,5,49,67,1.6,82.2,5.2
Slovak Republic,Bratislava Region,country_part,SK01,10.0,8,5.2,7.6,2.8,1.9,1.2,7.7,1.1,6.5,5.2,96.7,73.1,6,22045,1.9,10,78.1,17,52.1,78,1.1,88.1,6.5
Slovak Republic,West Slovakia,country_part,SK02,10.0,5.5,2.4,8.4,1.1,2.6,0,7.4,1.1,6.2,3.7,94.4,63.8,11,11848,1.4,10.9,76.8,15.6,42.8,76,1.1,87.4,6.1
Slovak Republic,Central Slovakia,country_part,SK03,9.7,3.6,2.4,8.6,0.7,1.5,0,7.1,1.1,7.8,3.3,92.0,59.2,15.9,11621,1.3,11.2,76.2,17.7,43.3,74,1.1,91.3,6.0
Slovak Republic,East Slovakia,country_part,SK04,9.7,3.1,1.8,8.4,0.7,3.4,0,7.7,1.1,7.6,3.3,92.3,56.5,16.6,9660,1.4,10.9,76.2,14.2,40.4,78,1.1,90.9,6.0
Slovenia,Eastern Slovenia,country_part,SI01,8.8,5.6,2.9,7.6,5,4.4,0.6,7,2.8,8.0,3.0,86.6,64.6,11.1,13507,1.9,8.8,79.5,12.4,49.4,73,1.4,91.8,5.9
Slovenia,Western Slovenia,country_part,SI02,9.2,6.6,3.2,7.4,7.9,3.3,2,7.7,2.8,8.1,4.1,89.4,66.8,8.1,14673,2,7.3,81.7,14.4,55.2,78,1.4,92.1,6.2
Spain,Galicia,country_part,ES11,4.2,1.9,3.6,10,9.3,7.5,3.5,6.4,6.7,8.2,4.4,58.3,56.6,21.7,16317,0.5,6.7,82.9,6.5,61.5,69,2.1,92.3,6.3
Spain,Asturias,country_part,ES12,5.7,1.7,4.1,9.5,8.7,8.1,4,6.8,6.1,9.6,4.4,67.7,54.6,21.1,18066,0.8,7,82.5,5.5,63.8,72,2.0,95.9,6.3
Spain,Cantabria,country_part,ES13,5.9,2.6,3.9,9.7,9.8,6.8,5.7,6.8,6.1,10.0,7.0,68.8,58,19.4,17242,0.7,6.5,83.4,7.8,71,72,2.0,100.0,7.0
Spain,Basque Country,country_part,ES21,6.6,3.9,5.4,9.8,10,8.5,5.3,7.5,6.7,9.8,6.7,73.1,61.8,16.3,22884,0.6,6.3,83.7,4.6,69,77,2.1,96.4,6.9
Spain,Navarra,country_part,ES22,5.9,4.2,5.2,9.8,10,5.9,5.7,7.4,6.7,10.0,7.0,69.1,63.1,15.7,21896,0.6,6.2,84,9.5,70.9,76,2.1,98.1,7.0
Spain,La Rioja,country_part,ES23,5.2,3.6,4.2,10,10,6.8,6.1,6.4,6.7,3.8,4.1,64.4,62.5,18.2,18340,0,6.2,84,7.8,72.4,69,2.1,81.2,6.2
Spain,Aragon,country_part,ES24,5.3,2.8,4.4,10,9.8,5.6,6.1,6.5,6.7,7.6,5.9,65.0,60.2,20.2,19007,0.5,6.5,83.4,10,72.6,70,2.1,90.8,6.7
Spain,Madrid,country_part,ES30,6.8,3.5,4.9,9.8,10,6.6,6.5,8.4,5.0,8.8,4.8,74.7,63.2,18.7,20925,0.6,5.8,84.8,8.3,74.1,83,1.8,93.8,6.4
Spain,Castile and León,country_part,ES41,4.7,2.3,3.9,9.5,10,6.9,5.8,6.2,7.2,8.7,4.4,61.6,57.8,20.8,17365,0.8,6.2,84,7.7,71.2,68,2.2,93.5,6.3
Spain,Castile-La Mancha,country_part,ES42,3.4,0.6,3.1,9.7,9.9,6,6.8,5.9,5.6,9.7,4.4,53.3,51.9,29,14224,0.7,6.4,83.5,9.3,75.3,66,1.9,96.2,6.3
Spain,Extremadura,country_part,ES43,2.4,0.2,2.8,9.8,8.3,7.1,6,5.4,6.1,9.3,5.9,47.5,48.9,29.8,13145,0.6,7.2,82.2,7.3,72.2,62,2.0,95.2,6.7
Spain,Catalonia,country_part,ES51,4.7,3,4.5,9.8,9.8,5.4,5.2,7.4,5.0,7.9,4.8,61.5,62.3,20.3,19447,0.6,6.5,83.4,10.4,68.6,76,1.8,91.5,6.4
Spain,Valencia,country_part,ES52,4.2,1.1,3.4,9.8,9.1,5.1,6.6,6.5,5.6,8.6,4.4,58.4,54.9,25.8,15478,0.6,6.8,82.8,11,74.8,70,1.9,93.3,6.3
Spain,Balearic Islands,country_part,ES53,3.7,3.1,3.9,9.3,9.2,6.7,3.9,7.5,6.1,7.7,6.3,55.6,62.1,20,17243,0.9,6.8,82.9,8.1,63.3,77,2.0,91.1,6.8
Spain,Andalusia,country_part,ES61,3.0,0,2.9,9.5,8,6.6,5.3,6.5,5.0,8.5,4.8,51.0,46.5,34.8,13789,0.8,7.3,81.8,8.3,69.1,70,1.8,93.0,6.4
Spain,Murcia,country_part,ES62,3.2,0.9,3.1,10,9,4.6,5.8,6.8,5.0,9.5,6.7,52.6,53.9,26.6,14263,0.3,6.8,82.7,12,71.1,72,1.8,95.6,6.9
Spain,Ceuta,country_part,ES63,2.8,0,3.3,6.7,5.6,5,1.8,8.1,1.7,10.0,4.8,49.9,44.8,31.8,15132,2.4,8.3,79.7,11.2,54.4,81,1.2,100.0,6.4
Spain,Melilla,country_part,ES64,4.7,0,2.9,8.8,6.9,4,0.6,8.3,2.2,10.0,3.7,61.4,43.1,28.2,13776,1.2,7.8,81,13,49.4,82,1.3,100.0,6.1
Spain,Canary Islands,country_part,ES70,3.4,0.3,3.2,9.8,9,5.8,3.2,6.7,3.9,8.6,5.2,53.7,49.2,32.4,14654,0.6,6.8,82.7,9.8,60.3,71,1.6,93.4,6.5
Sweden,Stockholm,country_part,SE11,8.6,8.8,5.6,8.8,8.8,7.3,9.2,9.1,3.9,7.9,8.5,85.7,80.3,7.1,23456,1.2,7.1,82.8,7,85.7,88,1.6,91.6,7.4
Sweden,East Middle Sweden,country_part,SE12,8.3,7.9,4.4,9,7.6,7.8,9.4,9.1,4.4,8.1,8.1,83.5,76.1,8.3,19007,1.1,7.6,81.8,5.9,86.5,88,1.7,92.0,7.3
Sweden,Småland with Islands,country_part,SE21,8.0,8.7,4.3,10,8.1,7.2,9.5,8.7,5.6,8.4,9.3,82.0,79.4,6.7,18583,0.2,7.4,82.2,7.1,86.8,85,1.9,92.9,7.6
Sweden,South Sweden,country_part,SE22,8.3,7.2,4.3,9.5,7.8,6.2,8.9,8.7,4.4,8.5,8.9,83.7,74.6,10,18765,0.8,7.6,82,9,84.4,85,1.7,93.2,7.5
Sweden,West Sweden,country_part,SE23,8.3,8.4,4.6,8.6,7.9,7.7,9.2,9.4,4.4,8.6,8.5,83.4,79,7.6,19721,1.3,7.5,82.1,6.2,85.8,90,1.7,93.3,7.4
Sweden,North Middle Sweden,country_part,SE31,8.2,7.7,4.1,9.8,7.3,8.5,9.3,7.7,5.0,8.9,8.1,82.9,75.2,8.6,18027,0.6,7.8,81.6,4.6,85.9,78,1.8,94.1,7.3
Sweden,Central Norrland,country_part,SE32,8.5,8.4,4.2,10,6.5,9.6,9.2,8.6,5.0,7.0,8.5,84.8,78.1,7.4,18255,0.3,8.2,80.9,2.7,85.8,84,1.8,89.2,7.4
Sweden,Upper Norrland,country_part,SE33,8.8,8.1,4.2,10,6.8,9.1,9.3,8.7,5.0,7.6,8.5,86.5,76.3,7.4,18527,0.4,8,81.1,3.5,86.2,85,1.8,90.9,7.4
Switzerland,Lake Geneva Region,country_part,CH01,8.2,8.1,4.9,9.1,9.6,3.7,0,8.7,3.3,9.0,8.5,83.2,75.1,6.7,20880,1,6.6,83.2,13.7,47,85,1.5,94.3,7.4
Switzerland,Espace Mittelland,country_part,CH02,8.5,9.7,4.6,9.3,8.6,4.3,0.4,8.1,4.4,9.4,8.9,84.7,84.1,4.3,19908,0.9,7.1,82.5,12.5,48.5,81,1.7,95.3,7.5
Switzerland,Northwestern Switzerland,country_part,CH03,8.9,9.7,5.4,10,9.3,2.3,0.3,9,4.4,9.5,8.5,87.5,82.2,4.2,22632,0.5,6.7,82.9,16.3,48.2,87,1.7,95.5,7.4
Switzerland,Zurich,country_part,CH04,8.8,9.8,6.3,10,9.2,2.3,0.1,9.9,3.9,8.7,9.6,86.6,84.7,4.1,26028,0.4,6.8,83,16.3,47.2,93,1.6,93.5,7.7
Switzerland,Eastern Switzerland,country_part,CH05,8.4,10,4.8,10,8.8,3.6,0.1,9,5.0,9.6,10.0,84.5,85.1,3.2,20484,0.5,7,82.7,13.8,47.2,87,1.8,95.8,7.8
Switzerland,Central Switzerland,country_part,CH06,8.5,9.9,5.3,9.1,9.4,4.8,1.5,9,4.4,9.5,10.0,84.9,86.5,3.5,22428,1,6.7,83.2,11.5,53,87,1.7,95.6,7.8
Switzerland,Ticino,country_part,CH07,8.4,7.9,4.5,10,9.9,2.2,1.8,7.5,4.4,7.1,8.1,84.3,73.5,6.7,19572,0,6.4,83.8,16.4,54.4,77,1.7,89.6,7.3
Turkey,Istanbul,country_part,TR10,2.4,3.3,1.2,7.4,3.2,2.9,9.4,5.5,0.0,2.2,0.0,47.3,50.2,11.9,7480,2,9.2,77.2,15.2,86.5,63,0.9,77.2,5.1
Turkey,Thrace,country_part,TR21,1.3,5.2,0.9,8.1,2,3.2,10,5.5,1.1,0.0,2.6,40.4,56.5,7.6,6414,1.6,9.8,76.4,14.5,89.7,63,1.1,71.8,5.8
Turkey,Southern Marmara - West,country_part,TR22,1.3,5,0.7,6.4,2.5,3.9,10,2.3,2.2,4.3,1.1,40.5,51.3,5.6,5758,2.6,9.7,76.9,13.3,90.4,41,1.3,82.6,5.4
Turkey,Izmir,country_part,TR31,2.2,3,1,6.7,3,4.3,9.8,4.6,1.1,0.9,0.4,46.3,51.6,13.8,6836,2.4,8.9,76.3,12.5,88.3,57,1.1,73.9,5.2
Turkey,Southern Aegean,country_part,TR32,0.0,5.2,0.8,6,3.9,3.6,10,2,1.1,2.6,0.0,32.6,55.9,7.2,5802,2.8,8.4,76.9,13.9,89.4,39,1.1,78.4,5.1
Turkey,Northern Aegean,country_part,TR33,0.0,6,0.7,5.5,2.1,4.4,10,1,1.1,1.1,1.1,31.7,55.6,3.9,5669,3.1,9.9,76.6,12.3,91.1,32,1.1,74.4,5.4
Turkey,Eastern Marmara - South,country_part,TR41,2.2,4.6,1,7.1,2.4,3.2,10,4.3,1.1,3.2,4.4,46.4,50.1,6.2,6773,2.2,10.1,77.5,14.5,89.6,55,1.1,79.8,6.3
Turkey,Eastern Marmara - North,country_part,TR42,1.5,4.3,0.9,7.2,2.7,3.2,10,4.2,0.6,4.2,1.1,42.1,53.7,9.9,6172,2.1,9.6,77.2,14.6,89.2,54,1.0,82.3,5.4
Turkey,Ankara,country_part,TR51,4.4,3.2,1.5,7.6,3.5,2.9,10,4.3,1.1,4.0,2.6,59.8,49,11.5,8447,1.9,8.8,77,15.2,88.9,55,1.1,81.7,5.8
Turkey,Central Anatolia - West and South,country_part,TR52,0.0,4.7,0.7,6.6,3.8,2.4,9.8,2.2,1.1,2.1,1.9,32.8,49.7,5.5,5494,2.5,9,77.9,16,88.3,40,1.1,77.1,5.6
Turkey,Mediterranean region - West,country_part,TR61,1.2,5,0.9,7.4,3,3.1,9.6,3.6,1.1,1.8,1.5,40.1,56.1,8.4,6423,2,8.7,76,14.7,87.2,50,1.1,76.4,5.5
Turkey,Mediterranean region - Middle,country_part,TR62,1.1,3.2,0.5,5.2,2.1,0.4,9.3,1.6,0.0,0.0,1.5,39.6,47.7,10.7,4899,3.3,9.4,75.7,19.8,86.1,36,0.9,71.5,5.5
Turkey,Mediterranean region - East,country_part,TR63,0.0,2.1,0.2,6.6,2.3,0.7,9.5,1.9,0.0,0.0,0.0,32.6,39.1,15.3,3575,2.5,8.9,75.2,19.2,86.8,38,0.9,68.3,4.4
Turkey,Central Anatolia - Middle,country_part,TR71,0.3,4.2,0.5,6.9,2.6,2.1,9.2,2.8,1.1,2.3,1.1,34.6,49.1,7.6,4993,2.3,9.3,76.5,16.6,85.6,44,1.1,77.6,5.4
Turkey,Central Anatolia - East,country_part,TR72,1.2,3.5,0.7,8.1,2.4,2.2,9.7,2.2,0.0,0.3,1.9,39.9,47.8,9.5,5613,1.6,9.5,76.4,16.5,87.5,40,0.9,72.4,5.6
Turkey,Western Black Sea - West,country_part,TR81,0.0,5.4,0.9,6.6,2.2,5.2,9.9,3.5,1.7,6.5,0.7,32.7,55,6,6139,2.5,9.6,76.3,10.9,88.4,49,1.2,88.1,5.3
Turkey,Western Black Sea - Middle and East,country_part,TR82,0.0,5.8,0.7,5.7,2.9,5.1,9.7,1.7,1.1,3.2,3.3,31.0,58.4,6.5,5469,3,9.2,76.7,11.1,87.5,37,1.1,79.7,6.0
Turkey,Middle Black Sea,country_part,TR83,0.0,5,0.6,6.2,2.5,4.6,9.8,1.4,0.6,2.2,2.2,30.4,52.5,6.2,5067,2.7,9.4,76.5,11.9,88.3,35,1.0,77.4,5.7
Turkey,Eastern Black Sea,country_part,TR90,0.4,5.5,0.7,7.9,4.2,5,8.9,1.4,0.6,5.9,1.1,35.1,56.3,6.2,5757,1.7,7.9,76.5,11.3,84.5,35,1.0,86.5,5.4
Turkey,Northeastern Anatolia - West,country_part,TRA1,0.0,4.3,0.5,7.9,2.9,2.8,9.4,0.4,0.0,4.8,1.9,27.6,49.9,7.3,4836,1.7,9.4,77.1,15.4,86.6,28,0.8,83.7,5.6
Turkey,Northeastern Anatolia - East,country_part,TRA2,0.0,6.2,0,4.1,3,1,7.2,2.3,0.0,4.9,0.7,19.9,56.6,3.4,3171,3.9,9.7,77.8,18.6,77.3,41,0.7,84.0,5.3
Turkey,Eastern Anatolia - West,country_part,TRB1,1.5,4,0.4,6.7,4.6,1.3,9.2,2.3,0.0,0.0,1.5,41.8,47.9,7.5,4304,2.4,8.7,78.7,18.2,85.6,41,0.9,60.2,5.5
Turkey,Eastern Anatolia - East,country_part,TRB2,0.0,2.5,0,7.8,2.3,1,8.5,0,0.0,0.4,0.0,21.8,44.1,13.4,2865,1.8,10,77.2,18.6,82.6,15,0.6,72.8,4.9
Turkey,Southeastern Anatolia - West,country_part,TRC1,0.0,3.8,0.1,5.5,2.1,0.5,8.9,0.9,0.0,0.0,0.0,31.8,42.7,8.1,3478,3.1,9.5,75.9,19.7,84.5,31,0.7,64.6,5.0
Turkey,Southeastern Anatolia - Middle,country_part,TRC2,0.0,1.6,0,5,3.9,0,8.3,0,0.0,0.0,0.0,21.6,36.6,17.5,2686,3.4,9.2,78.5,22,81.7,20,0.6,58.4,4.6
Turkey,Southeastern Anatolia - East,country_part,TRC3,0.0,0,0,7.4,4.9,0,8.7,0.4,0.0,0.0,0.0,29.3,29.6,24.1,2552,2,8,77.9,22.7,83.6,28,0.6,71.7,4.4
United Kingdom,North East England,country_part,UKC,7.7,6.7,4.2,9.1,5.6,7.4,3.4,8.8,7.2,8.1,5.9,79.7,68.5,8.5,18459,1,8.5,80,6.7,61.2,86,2.2,92.1,6.7
United Kingdom,North West England,country_part,UKD,7.9,7.3,4.4,9.1,5.6,5.5,4.1,9,6.7,9.0,6.3,81.4,69.9,7.1,19050,1,8.5,80,10.3,64,87,2.1,94.4,6.8
United Kingdom,Yorkshire and The Humber,country_part,UKE,7.6,7.3,4.3,9,6.1,6.8,3.9,8.8,6.7,9.6,6.7,79.3,70.8,7.4,18848,1.1,8.3,80.5,7.8,63.1,86,2.1,95.8,6.9
United Kingdom,East Midlands,country_part,UKF,7.7,8.2,4.6,9.1,7.1,7,4.7,9.3,6.7,9.3,6.7,79.7,74.3,5.6,19656,1,7.8,81.2,7.4,66.6,89,2.1,95.0,6.9
United Kingdom,West Midlands,country_part,UKG,7.3,7.4,4.4,9.1,6.6,6.8,3.9,8.7,6.7,9.4,6.3,77.3,70.7,6.8,19231,1,8,80.8,7.8,63.5,85,2.1,95.3,6.8
United Kingdom,East of England,country_part,UKH,7.8,8.7,5.4,9.3,8.2,4.5,4.9,9,6.7,9.1,6.7,80.4,77,5.2,22901,0.9,7.3,82.2,12.1,67.6,87,2.1,94.6,6.9
United Kingdom,Greater London,country_part,UKI,8.8,7.5,6.8,8.6,8.5,5,4.4,9.7,5.0,8.4,5.9,86.5,71.4,7,27831,1.3,7.1,82.3,11.3,65.5,92,1.8,92.9,6.7
United Kingdom,South East England,country_part,UKJ,8.4,8.9,5.9,9.5,8.2,5.6,5.1,9.6,6.1,8.7,6.7,84.3,77.5,4.8,24606,0.8,7.3,82.2,10.1,68.5,91,2.0,93.6,6.9
United Kingdom,South West England,country_part,UKK,8.1,8.8,5.2,9.5,7.9,5.7,5.4,9.4,6.7,9.1,7.0,82.6,77.4,5,21881,0.8,7.4,81.9,9.9,69.6,90,2.1,94.7,7.0
United Kingdom,Wales,country_part,UKL,7.8,7.4,4.4,9.7,6,6.6,4.5,8.7,7.2,9.3,6.3,80.7,70.4,6.8,19035,0.7,8.3,80.3,8.3,65.7,85,2.2,95.0,6.8
United Kingdom,Scotland,country_part,UKM,8.2,7.9,4.9,8.8,4.7,7.3,5.8,8.6,5.6,9.7,7.4,83.2,72.6,6.2,21060,1.2,8.9,79.3,6.9,71.1,84,1.9,96.0,7.1
United Kingdom,Northern Ireland (UK),country_part,UKN,7.1,7.2,4,8.8,6.2,7.7,2.7,8.8,5.6,9.3,7.0,76.1,68.1,6.4,17722,1.2,8.2,80.4,6.1,58.1,86,1.9,95.1,7.0
United States,Alabama,country_part,US01,9.2,6.3,7.8,0,0.6,7,3.6,6.3,10.0,9.0,8.5,89.2,63.1,7.1,31369,7.2,10.6,75.4,7.4,61.9,68.7,2.7,94.4,7.4
United States,Alaska,country_part,US02,9.7,6.8,10,2.9,4.8,9.4,2.7,8.3,6.7,8.7,6.3,92.4,66.5,7.1,43028,4.6,8.3,78.3,3,58.4,82.6,2.1,93.7,6.8
United States,Arizona,country_part,US04,8.9,6.8,7.8,1.6,6.2,7.8,2.1,7.4,8.3,7.3,6.7,87.4,66.5,7,31567,5.4,7.7,79.6,6,55.9,76.2,2.4,90.0,6.9
United States,Arkansas,country_part,US05,9.1,6.7,7.8,1.6,1.3,6.9,1.5,5.9,9.4,7.6,7.0,88.6,63.7,5.9,31430,5.4,10.3,76,7.6,53.3,65.7,2.6,90.8,7.0
United States,California,country_part,US06,8.5,6.6,10,3.1,7.4,7.7,2.5,8,5.6,8.5,8.5,85.2,66,7.5,39517,4.5,7.3,80.8,6.2,57.5,80.5,1.9,93.2,7.4
United States,Colorado,country_part,US08,9.5,8.3,9.8,5,6.6,7.9,5.6,8.4,8.9,8.7,8.5,90.9,73.5,4.9,38902,3.4,7.6,80,5.8,70.4,83,2.5,93.6,7.4
United States,Connecticut,country_part,US09,9.6,7.9,10,6.7,7,6.9,3.8,8.5,8.9,6.1,6.7,91.5,73.5,6.5,47976,2.4,7.6,80.8,7.6,62.7,83.9,2.5,87.1,6.9
United States,Delaware,country_part,US10,9.5,7.5,9.5,3.6,4.2,5.8,4.9,7.7,10.0,9.5,10.0,90.9,69.6,5.8,37669,4.2,8.9,78.4,9.7,67.3,78.1,2.8,95.7,8.1
United States,District of Columbia,country_part,US11,10.0,7.4,10,0,1.8,4,6.9,7.4,8.3,8.8,6.3,94.1,72,7.9,61738,15.9,10.1,76.5,13,75.9,75.8,2.4,93.8,6.8
United States,Florida,country_part,US12,9.2,7.6,8.8,2.2,6.2,8.7,3.3,7.7,8.9,8.5,7.0,89.5,70.7,6.3,35243,5,7.6,79.4,4.3,60.8,78.3,2.5,93.2,7.0
United States,Georgia,country_part,US13,9.1,6.5,7.9,1.2,3.1,6.4,3.6,7.4,8.9,7.5,7.0,88.6,64.6,7.2,32009,5.6,9.3,77.2,8.6,61.9,76.3,2.5,90.5,7.0
United States,Hawaii,country_part,US15,10.0,7.7,9.7,8.3,7.7,9.6,1.1,8.4,5.0,10.0,9.3,94.2,68.6,4.3,38409,1.5,7.3,81.3,2.7,51.6,83.3,1.8,97.9,7.6
United States,Idaho,country_part,US16,9.3,7.9,7.7,7.9,5.3,8.3,4,7.8,8.9,4.6,6.3,89.8,70.6,4.7,30975,1.7,8.5,79.5,5,63.9,78.6,2.5,83.2,6.8
United States,Illinois,country_part,US17,9.4,7.4,9.8,1.4,5.1,5.5,3.5,7.9,8.3,8.7,6.7,90.4,70.4,7,38765,5.5,8.4,79,10.3,61.5,79.3,2.4,93.5,6.9
United States,Indiana,country_part,US18,9.3,7.6,8.1,1.6,3,6.1,3,7.3,9.4,7.7,7.0,90.0,70.1,6,32718,5.4,9.6,77.6,9.2,59.3,75.3,2.6,91.0,7.0
United States,Iowa,country_part,US19,9.7,9.5,9.6,8.4,5.4,5.9,5.4,7.8,10.0,8.9,8.9,92.4,81.2,4.6,37902,1.4,8.5,79.7,9.6,69.4,78.7,2.7,94.1,7.5
United States,Kansas,country_part,US20,9.4,8.8,9.4,4.1,4.5,6.7,3.9,7.8,9.4,9.5,8.5,90.6,76.1,4.5,37508,3.9,8.8,78.7,8.1,63.3,78.8,2.6,95.7,7.4
United States,Kentucky,country_part,US21,9.3,6.6,7.6,4.3,1.3,6.8,3,7.2,9.4,7.6,7.4,89.8,64.3,6.5,30801,3.8,10.3,76,7.9,59.3,74.8,2.6,90.7,7.1
United States,Louisiana,country_part,US22,9.0,6.8,8.8,0,1.1,8.4,4.6,6.6,8.3,7.4,8.5,87.7,65.5,6.4,35275,10.8,10.3,75.7,4.9,66.3,70.3,2.4,90.3,7.4
United States,Maine,country_part,US23,10.0,8.3,8.7,7.8,4.3,8.1,5.2,7.9,10.0,7.7,6.3,94.4,74.9,5.8,34805,1.8,9.3,79.2,5.4,68.6,79.2,3.0,91.0,6.8
United States,Maryland,country_part,US24,9.6,7.9,10,0,5.1,5,4.3,8.5,9.4,9.5,8.5,91.5,72.3,5.8,44290,6.4,8.3,78.8,11.2,65.1,83.4,2.6,95.6,7.4
United States,Massachusetts,country_part,US25,9.7,8,10,7.4,6.7,7.7,5.7,8.7,8.9,9.3,7.0,92.4,73,5.8,46078,2,7.8,80.5,6.2,70.8,85.3,2.5,95.1,7.0
United States,Michigan,country_part,US26,9.7,6.9,8.1,0,3.9,6.8,4.7,7.4,10.0,10.0,6.7,92.0,67.2,7.2,32770,6.4,9.1,78.2,7.8,66.8,76.3,2.7,97.2,6.9
United States,Minnesota,country_part,US27,9.8,9.3,9.9,7.2,7.1,5.8,6.3,8.3,10.0,8.7,8.5,92.6,79.1,4,38991,2.1,7.7,81.1,9.8,73.2,82.6,2.7,93.5,7.4
United States,Mississippi,country_part,US28,9.0,5.4,7.2,0,0,7.8,6.6,5.4,8.9,9.6,8.1,87.9,58,7.6,29482,6.5,11,75,5.9,74.5,62.3,2.5,95.9,7.3
United States,Missouri,country_part,US29,9.6,7.7,8.6,0.3,3.2,6.7,4,7.3,10.0,5.8,7.8,91.8,71.9,6.4,34492,6.1,9.3,77.5,8,63.9,75.6,2.7,86.3,7.2
United States,Montana,country_part,US30,9.7,8.6,8.3,7.1,3.1,8.6,4.5,7.6,10.0,9.8,5.6,92.4,75.2,4.6,33175,2.2,10,78.5,4.4,65.7,77.6,2.8,96.3,6.6
United States,Nebraska,country_part,US31,9.5,9.8,10,5.7,5.7,6.4,3.5,7.8,10.0,6.0,10.0,90.9,80.8,3.2,39967,3,8.3,79.8,8.6,61.6,78.8,2.7,86.7,7.8
United States,Nevada,country_part,US32,8.7,6.8,8.3,0.9,4.1,8.3,2.6,7.9,7.8,8.1,6.3,86.1,67.7,7.7,33374,5.8,8.8,78.1,5,57.9,79.4,2.3,92.0,6.8
United States,New Hampshire,country_part,US33,9.9,9.2,10,7.9,5.1,8,5.4,8.8,10.0,10.0,6.7,93.6,78.5,4.2,43626,1.7,9.1,80.3,5.6,69.4,85.7,2.7,97.9,6.9
United States,New Jersey,country_part,US34,9.5,7.5,10,3.1,6.4,5.5,3.6,8.6,8.3,6.8,7.4,91.1,70.8,6.7,45373,4.5,7.9,80.3,10.3,61.9,84.5,2.4,88.7,7.1
United States,New Mexico,country_part,US35,8.9,6.3,7.7,0.5,4.9,8.4,3.5,6.2,8.3,8.2,7.4,87.2,63.2,7,31031,6,8.3,78.4,4.9,61.6,68.1,2.4,92.4,7.1
United States,New York,country_part,US36,9.2,7,10,5.2,6.9,5.4,2.8,8.1,7.2,8.4,7.4,89.5,67,6.4,43527,3.3,7.6,80.5,10.5,58.7,80.6,2.2,92.7,7.1
United States,North Carolina,country_part,US37,9.2,6.9,8.1,2.6,3.7,7.3,5.2,7.3,9.4,7.7,8.5,89.2,66.2,6.2,32729,4.8,9,77.8,7,68.9,75.2,2.6,91.0,7.4
United States,North Dakota,country_part,US38,9.9,10,10,7.1,4.3,7.2,4,7.9,10.0,6.4,10.0,93.8,83.1,2.9,43906,2.2,9.4,79.5,7.1,63.9,79.4,2.8,87.7,7.9
United States,Ohio,country_part,US39,9.6,7.7,8.6,4.1,3.3,5.7,3.9,7.6,10.0,9.8,6.3,91.8,70.8,5.6,34483,3.9,9.4,77.8,9.9,63.1,77.1,2.7,96.4,6.8
United States,Oklahoma,country_part,US40,9.1,7.5,8.9,2.1,1.1,7.3,1.3,6.7,8.9,7.8,7.0,88.4,67.2,4.5,35688,5.1,10.4,75.9,6.9,52.4,71.1,2.5,91.4,7.0
United States,Oregon,country_part,US41,9.3,7.1,8.3,7.4,5.4,9.2,4.9,8.3,8.3,7.4,7.0,89.8,68.6,7.1,33153,2,8.4,79.5,3.4,67.6,82.4,2.4,90.2,7.0
United States,Pennsylvania,country_part,US42,9.7,7.8,9.8,2.9,4.4,5.5,3.5,7.8,10.0,8.7,7.0,92.1,71.4,5.7,38699,4.6,8.8,78.5,10.3,61.6,78.9,2.7,93.6,7.0
United States,Rhode Island,country_part,US44,9.3,7.3,10,5.9,4.5,8,3.7,8.4,8.9,9.9,8.9,89.9,71.5,7.8,39553,2.9,9.5,79.9,5.7,62.5,82.9,2.5,96.6,7.5
United States,South Carolina,country_part,US45,9.2,6.7,7.6,0.2,2.6,8,4.2,6.8,10.0,5.2,9.6,89.0,65.1,6.4,30733,6.2,9.6,77,5.7,64.7,71.7,2.7,84.9,7.7
United States,South Dakota,country_part,US46,9.5,9.5,10,6.7,5.4,7,3.4,7.4,10.0,9.9,7.4,91.3,79.6,3.5,39778,2.4,8.4,79.5,7.4,61,76,2.7,96.5,7.1
United States,Tennessee,country_part,US47,9.4,6.7,8.6,2.2,1.7,6.9,2.1,6.8,9.4,8.8,8.5,90.4,65.2,6.6,34500,5,10.1,76.3,7.7,55.7,72.2,2.6,93.8,7.4
United States,Texas,country_part,US48,8.5,7.6,9.4,3.4,4.5,7.7,1.6,7.2,7.2,6.9,8.1,85.2,69.1,5,37326,4.3,8.7,78.5,6.2,53.8,74.6,2.2,89.0,7.3
United States,Utah,country_part,US49,9.5,8.4,7.7,7.9,6,9.1,2.4,8.5,7.2,9.0,7.4,91.0,72.8,3.9,30950,1.7,8.2,80.2,3.6,57,83.8,2.2,94.3,7.1
United States,Vermont,country_part,US50,9.7,9.3,9.8,8.1,4.9,7.4,3.9,8.1,10.0,9.4,10.0,92.1,79,4,38685,1.6,9.4,80.5,6.7,63.3,80.9,3.1,95.4,8.0
United States,Virginia,country_part,US51,9.6,8,10,4.3,5.1,5.9,4.8,8.1,9.4,7.7,8.5,91.5,72.1,5.2,40462,3.8,8.4,79,9.5,66.9,80.6,2.6,91.1,7.4
United States,Washington,country_part,US53,9.5,7.3,10,6.9,6.1,8.8,4.4,8.4,8.3,8.9,7.8,91.0,68.8,6.3,40619,2.3,8,79.9,4.1,65.6,83,2.4,94.2,7.2
United States,West Virginia,country_part,US54,9.5,6.2,7.5,5.2,0.7,6.5,0.2,6.8,10.0,8.0,6.3,90.8,61.4,6.5,30461,3.3,10.5,75.4,8.5,47.8,71.8,2.8,91.7,6.8
United States,Wisconsin,country_part,US55,9.7,8.6,9.1,6,5.7,6.1,6.3,7.8,10.0,8.3,7.8,92.0,76.7,5.6,36273,2.8,8.4,80,9.1,73.6,79,2.7,92.6,7.2
United States,Wyoming,country_part,US56,9.8,8.8,10,5.9,3.4,8.1,2.9,8,10.0,10.0,10.0,93.1,76.5,4.5,43516,2.9,9.6,78.3,5.4,58.9,80.5,2.7,98.2,7.8
Australia,Australia,country_whole,AUS,7.6,7.9,9.5,8.4,9,9.7,10,6.9,9.5,8.8,8.8,81.3,73.9,6.2,27204,1.1,6.7,82.2,2.8,93.9,77,2.3,94.5,7.3
Austria,Austria,country_whole,AUT,8.4,7.7,7.9,10,7.2,2.8,6.2,7.2,5.1,7.6,8.8,85.2,71.6,5.6,23743,0.6,7.8,81.2,14.6,74.9,79,1.7,92.4,7.3
Belgium,Belgium,country_whole,BEL,7.5,5,6.2,5.7,6.6,1.9,9.7,7.6,8.8,7.7,7.9,80.5,61.4,9,19944,1.8,8,80.7,16.1,89.4,81,2.2,92.5,7.1
Canada,Canada,country_whole,CAN,9.2,6.6,7.4,6.5,8.5,7.4,4.7,8.1,10.0,8.5,9.3,89.3,67.4,6.9,22630,1.6,7,81.5,6.7,68.5,83.7,2.4,93.9,7.4
Chile,Chile,country_whole,CHL,7.2,6.2,0.4,0.6,4.2,8.5,0.1,0,1.5,2.5,4.9,79.1,63.9,6.4,6925,3.1,8.8,78.7,4.8,49.4,36,1.2,83.5,6.4
Czech Republic,Czech Republic,country_whole,CZE,10.0,7.3,2.8,6.1,2.7,1.4,2.6,6.7,2.9,5.1,5.3,95.0,70.4,6.1,12353,1.7,9.8,78.3,16.9,59.8,76,1.4,88.1,6.5
Denmark,Denmark,country_whole,DNK,6.7,7.9,5.1,10,5.8,5.8,8.9,8.3,6.6,9.6,10.0,76.5,74.7,6.7,17517,0.7,8.5,80.4,9.4,85.9,85,1.9,95.9,7.7
Estonia,Estonia,country_whole,EST,9.6,6.6,1,0,2.1,6.4,3.7,7.6,1.5,4.6,0.4,91.4,70.2,8.6,8459,3.8,9.7,77.3,8.5,64.2,81,1.2,87.2,5.4
Finland,Finland,country_whole,FIN,8.7,6.4,5.6,10,7.3,7.9,4.8,9,6.6,8.7,9.7,86.9,69.7,8.9,18529,0.7,7.7,81.1,5.9,68.9,89,1.9,94.2,7.5
France,France,country_whole,FRA,7.6,5.2,7,8.4,9.3,4.5,7.5,6.9,5.1,7.6,6.2,81.0,63.6,9.7,21704,1.1,6.8,82.3,11.6,80.3,77,1.7,92.3,6.7
Germany,Germany,country_whole,DEU,8.7,8.6,7.9,9.6,6.8,3.3,5.4,8.7,8.8,8.5,6.2,86.7,76.3,4.9,23601,0.8,8,80.9,13.7,71.5,87,2.2,94.0,6.7
Greece,Greece,country_whole,GRC,5.9,0,2.1,0,7.8,3.3,3.9,4.7,3.7,1.1,1.3,72.7,50.5,26.2,10755,3.3,7.5,81.4,13.6,65.1,65,1.5,81.1,5.6
Hungary,Hungary,country_whole,HUN,8.8,5.3,1.7,6.9,0,1.8,3.1,6.3,0.7,5.4,0.0,87.2,61.3,7.8,9852,1.5,11.5,75.7,16.2,61.8,74,1.1,88.6,5.0
Iceland,Iceland,country_whole,ISL,4.8,9.5,4.7,10,8.5,10,7.8,9.8,4.4,10.0,9.3,67.0,81.3,4.9,16635,0.3,7.3,82.1,1.8,81.5,93,1.6,96.9,7.4
Ireland,Ireland,country_whole,IRL,7.5,4.7,6.2,5.7,7.1,8.4,5,7.4,8.0,10.0,7.9,80.5,63.5,11.3,19964,1.8,7.9,81.1,5,69.7,80,2.1,96.8,7.1
Israel,Israel,country_whole,ISR,9.1,7.7,1.5,6.9,8.8,0,4.5,5.7,0.8,5.4,8.8,88.6,71.8,5.6,9437,1.5,7.1,82.1,20.4,67.8,70.7,1.1,88.5,7.3
Italy,Italy,country_whole,ITA,4.7,2.9,5.8,7.2,9.5,2.1,6.3,5.8,5.3,5.4,4.4,66.4,55.5,13.3,18958,1.4,6.9,82.8,15.7,75.2,71,1.7,88.6,6.3
Japan,Japan,country_whole,JPN,9.2,10,5.8,9.6,10,3.6,1,6.5,7.3,6.4,3.5,89.1,82.9,3.4,19071,0.8,6,83,13.2,53.1,75,2.0,90.2,6.1
Korea,Korea,country_whole,KOR,7.9,8.2,4.3,6.9,8.9,0,6.5,10,2.2,0.0,2.6,82.6,70.8,3.3,15779,1.5,6.6,81.5,23.7,75.9,98.5,1.3,78.3,5.9
Luxembourg,Luxembourg,country_whole,LUX,7.9,6.3,10,9.6,8.5,4.8,10,9.8,7.3,4.7,7.5,82.5,63.8,5.9,28908,0.8,7.2,81.9,11.1,91.2,93,2.0,87.4,7.0
Mexico,Mexico,country_whole,MEX,0.0,6.4,0,0,1,4.4,3.4,0,0.0,1.1,7.5,40.0,63,4.9,3437,19.5,9.8,74.8,11.9,63.1,33.7,1.0,81.1,7.0
Netherlands,Netherlands,country_whole,NLD,6.6,7.6,5.2,9.2,7.5,3.3,6.2,10,7.3,8.5,9.7,75.9,74.2,7.6,17714,0.9,7.7,81.4,13.6,74.6,95,2.0,93.9,7.5
New Zealand,New Zealand,country_whole,NZL,6.2,8.7,4.7,9.2,8.3,10,6.1,6.5,8.8,9.0,8.8,74.1,78.1,5.8,16552,0.9,7.1,81.4,2.1,74.2,75,2.2,94.8,7.3
Norway,Norway,country_whole,NOR,7.9,9.3,7.5,9.6,7.9,8.8,7,8.8,7.3,8.4,9.7,82.7,78.1,3.5,22832,0.8,7.6,81.8,4.4,78.2,88,2.0,93.8,7.5
Poland,Poland,country_whole,POL,10.0,4.8,2.5,6.1,1.6,2.3,0.5,5.8,0.0,6.5,2.2,93.4,59.9,9,11782,1.7,10,77.1,15.4,50.9,71,1.0,90.5,5.8
Portugal,Portugal,country_whole,PRT,1.0,4.5,4.4,7.6,7,7.2,1.9,4.3,6.6,4.1,0.0,47.3,66.1,13.9,15973,1.3,7.8,80.8,7.1,56.9,63,1.9,86.3,5.3
Slovak Republic,Slovak Republic,country_whole,SVK,10.0,4.4,3.6,7.2,0.4,1.9,0,6.7,1.5,6.2,2.6,93.4,63.3,12.3,14127,1.4,10.9,76.5,16.1,43.4,76,1.2,90.0,5.9
Slovenia,Slovenia,country_whole,SVN,8.9,5.5,3.6,5.3,6.3,3.5,0.7,6.5,2.9,7.2,2.6,87.9,65.6,9.7,14142,1.9,8.1,80.4,13.4,51.7,75,1.4,91.7,5.9
Spain,Spain,country_whole,ESP,3.6,0.5,5,10,10,6.2,5,6.1,6.6,8.5,5.7,60.5,55.1,25,17201,0.6,6.6,83,8.7,69.7,73,1.9,93.9,6.6
Sweden,Sweden,country_whole,SWE,8.2,8.1,6.2,9.2,8.2,7.7,8.9,8.7,5.1,7.6,9.3,84.0,77.8,7.9,19923,0.9,7.5,82,6.2,86,87,1.7,92.4,7.4
Switzerland,Switzerland,country_whole,CHE,8.4,9.7,7.1,10,9.7,2.8,0,8.5,5.1,9.0,10.0,85.2,82.2,4.5,21849,0.7,6.8,82.9,14.6,48.5,86,1.7,94.7,7.6
Turkey,Turkey,country_whole,TUR,0.0,3.2,0,3.7,2.5,2.1,9.2,1.2,0.0,0.0,0.0,40.0,49.6,9.9,5779,2.3,9.2,77,15.7,87.3,46,1.0,76.0,5.3
United Kingdom,United Kingdom,country_whole,GBR,7.7,7.9,6.7,8.8,7.2,5.9,4.1,8.8,6.6,9.0,7.1,81.8,73,5.6,20950,1,7.8,81.1,9.2,66.1,88,1.9,94.8,6.9
United States,United States,country_whole,USA,9.2,7.2,10,0,4.5,6.9,4.6,7.1,10.0,7.5,8.4,89.4,69.6,6.2,37263,4.5,8.5,78.6,7.5,68,78.1,2.4,92.1,7.2
